{
  "victim_model_size_params": 307114,
  "victim_model_size_mb": 1.1715469360351562,
  "victim_watermark_acc": 0.4399999976158142
}