{"train_acc": [0.936770498752594, 0.9807003140449524, 0.9857917428016663, 0.990111231803894, 0.9928683042526245, 0.9949637055397034, 0.9962871074676514, 0.9975921511650085, 0.9981986880302429, 0.9987868666648865, 0.9991728663444519, 0.999301552772522, 0.9997426867485046, 0.9998713135719299, 0.9996140003204346, 0.998897135257721, 0.9999632239341736, 0.9999816417694092, 0.9999816417694092, 1.0, 1.0, 1.0, 1.0], "val_acc": [0.9720430374145508, 0.980314314365387, 0.9791563153266907, 0.9874276518821716, 0.986931324005127, 0.9904053211212158, 0.9905707240104675, 0.9925558567047119, 0.9930521249771118, 0.9928866624832153, 0.9945409297943115, 0.9948717951774597, 0.994706392288208, 0.9937137961387634, 0.9879239201545715, 0.9948717951774597, 0.9950371980667114, 0.9950371980667114, 0.9945409297943115, 0.9952026605606079, 0.9950371980667114, 0.9952026605606079, 0.9948717951774597], "train_loss": [0.2524176239967346, 0.0688454657793045, 0.04831724613904953, 0.034826405346393585, 0.02637549676001072, 0.01985318399965763, 0.01587105356156826, 0.012032282538712025, 0.009709332138299942, 0.007511515635997057, 0.0060556866228580475, 0.005463632754981518, 0.0035082914400845766, 0.002612205222249031, 0.0028078448958694935, 0.005102653056383133, 0.0013931627618148923, 0.0008947114110924304, 0.0006458100979216397, 0.0004994231276214123, 0.000406343286158517, 0.0003450798394624144, 0.0002896590740419924], "val_loss": [0.0941644161939621, 0.06347304582595825, 0.062278375029563904, 0.039867546409368515, 0.040249403566122055, 0.02979326620697975, 0.028274444863200188, 0.025227481499314308, 0.024056030437350273, 0.02748515084385872, 0.022465260699391365, 0.02142769657075405, 0.019669242203235626, 0.021835001185536385, 0.041027478873729706, 0.019754137843847275, 0.01899479702115059, 0.018748799338936806, 0.019041720777750015, 0.019871603697538376, 0.019395481795072556, 0.01917530782520771, 0.02058284357190132], "lr": 0.001, "normal_test_acc": [0.9799000024795532, 0.9854000210762024, 0.9850999712944031, 0.9891999959945679, 0.9883999824523926, 0.989799976348877, 0.9898999929428101, 0.9904000163078308, 0.9904000163078308, 0.9901000261306763, 0.9901000261306763, 0.991100013256073, 0.9904999732971191, 0.9911999702453613, 0.9846000075340271, 0.991599977016449, 0.9919999837875366, 0.9919000267982483, 0.9925000071525574, 0.9923999905586243, 0.9926999807357788, 0.9927999973297119, 0.9926000237464905]}