{"train_acc": [0.9324010014533997, 0.9807202816009521, 0.987454354763031, 0.9908859729766846, 0.993800938129425, 0.9955905675888062, 0.9964023232460022, 0.997712254524231, 0.9985055923461914, 0.9988377094268799, 0.9992804527282715, 0.9994834065437317, 0.9996494650840759, 0.9997786283493042, 0.9998524188995361, 0.9996863603591919, 0.9998524188995361, 0.9999077320098877], "val_acc": [0.9762576818466187, 0.9824007749557495, 0.989374041557312, 0.9905362725257874, 0.9895401000976562, 0.9923626184463501, 0.9936908483505249, 0.993192732334137, 0.994687020778656, 0.9945210218429565, 0.9940229058265686, 0.9948530793190002, 0.9950190782546997, 0.9953511357307434, 0.9955171942710876, 0.9930267333984375, 0.9948530793190002, 0.9938569068908691], "train_loss": [0.26051849126815796, 0.06798356771469116, 0.04425978660583496, 0.03262145072221756, 0.0240942295640707, 0.018632085993885994, 0.015530869364738464, 0.011214001104235649, 0.009087147191166878, 0.0072958157397806644, 0.00556175084784627, 0.004660821054130793, 0.0037591764703392982, 0.0030164034105837345, 0.002218864392489195, 0.002533909399062395, 0.0021037214901298285, 0.001156568294391036], "val_loss": [0.0903833657503128, 0.06414917856454849, 0.041855111718177795, 0.03632282838225365, 0.03947148099541664, 0.03247828036546707, 0.026868917047977448, 0.02694421261548996, 0.025368450209498405, 0.025629185140132904, 0.025818750262260437, 0.023599397391080856, 0.02199266292154789, 0.023226015269756317, 0.022194834426045418, 0.029180502519011497, 0.02639511413872242, 0.02914322540163994], "lr": 0.001, "normal_test_acc": [0.9787999987602234, 0.9840999841690063, 0.9876000285148621, 0.9884999990463257, 0.9883999824523926, 0.9887999892234802, 0.9902999997138977, 0.9912999868392944, 0.9904999732971191, 0.9909999966621399, 0.991599977016449, 0.9918000102043152, 0.9911999702453613, 0.9909999966621399, 0.9914000034332275, 0.9890999794006348, 0.9908999800682068, 0.9883999824523926]}