{"train_acc": [0.9239256978034973, 0.974223792552948, 0.9832581877708435, 0.9890751242637634, 0.9921835064888, 0.9944193959236145, 0.9963462352752686, 0.997309684753418, 0.9981276988983154, 0.9988911747932434, 0.9994728565216064, 0.9995819330215454, 0.9997273087501526, 0.9997636675834656, 0.9998000264167786, 0.9999818205833435, 1.0, 1.0, 0.9999454617500305, 0.9960554242134094, 0.9997454881668091, 1.0, 1.0], "val_acc": [0.9694094657897949, 0.9800425171852112, 0.985604465007782, 0.9903484582901001, 0.9892033338546753, 0.9934565424919128, 0.9932929873466492, 0.9939473271369934, 0.992965817451477, 0.9946016669273376, 0.9947652816772461, 0.9949288368225098, 0.9952560067176819, 0.9942744970321655, 0.9950924515724182, 0.9947652816772461, 0.995583176612854, 0.9960739612579346, 0.9954196214675903, 0.992965817451477, 0.9950924515724182, 0.9954196214675903, 0.9960739612579346], "train_loss": [0.28000113368034363, 0.08550351113080978, 0.056467678397893906, 0.039910122752189636, 0.029656624421477318, 0.022771527990698814, 0.01666668802499771, 0.013112343847751617, 0.010188749060034752, 0.007544646970927715, 0.005463666282594204, 0.004528879653662443, 0.0033023806754499674, 0.0028457557782530785, 0.0025155108887702227, 0.0013247637543827295, 0.0009507883223704994, 0.0006806289893575013, 0.0007489906856790185, 0.01180386170744896, 0.0021383867133408785, 0.0006382951396517456, 0.0004030014097224921], "val_loss": [0.10431656241416931, 0.06978567689657211, 0.05290602892637253, 0.04230738431215286, 0.04152706637978554, 0.030062764883041382, 0.029742447659373283, 0.02644498459994793, 0.02777441404759884, 0.022617578506469727, 0.02224775217473507, 0.0218740813434124, 0.0228127334266901, 0.021788883954286575, 0.02070617862045765, 0.020312605425715446, 0.020005419850349426, 0.018806584179401398, 0.02153799682855606, 0.025240933522582054, 0.02122027799487114, 0.020594170317053795, 0.019818654283881187], "lr": 0.001, "normal_test_acc": [0.9787999987602234, 0.9850999712944031, 0.9883999824523926, 0.989300012588501, 0.9904999732971191, 0.991100013256073, 0.9901000261306763, 0.991100013256073, 0.9912999868392944, 0.9918000102043152, 0.9919000267982483, 0.9922000169754028, 0.9922999739646912, 0.9925000071525574, 0.9922999739646912, 0.9922999739646912, 0.9922999739646912, 0.9927999973297119, 0.9926999807357788, 0.9908000230789185, 0.9919000267982483, 0.992900013923645, 0.9930999875068665]}