{"train_acc": [0.9285027980804443, 0.9825138449668884, 0.988595187664032, 0.9915711879730225, 0.9935489892959595, 0.9955452680587769, 0.9968206882476807, 0.9978743195533752, 0.9984103441238403, 0.9990942478179932, 0.9993530511856079, 0.9995748400688171, 0.9997227191925049, 0.9998521208763123, 0.9999445676803589, 1.0, 1.0, 1.0, 1.0, 0.9963585734367371, 0.9988724589347839, 0.9999260902404785], "val_acc": [0.9728875756263733, 0.9818695783615112, 0.9861942529678345, 0.9883566498756409, 0.9903526306152344, 0.9906852841377258, 0.9920159578323364, 0.9911842942237854, 0.9928476214408875, 0.9940119981765747, 0.9943446516990662, 0.9935129880905151, 0.9946773052215576, 0.9940119981765747, 0.9943446516990662, 0.9945109486579895, 0.9948436617851257, 0.9940119981765747, 0.994178295135498, 0.993346631526947, 0.9943446516990662, 0.9945109486579895], "train_loss": [0.27068302035331726, 0.06615159660577774, 0.04310038685798645, 0.03162164241075516, 0.024538997560739517, 0.0185544490814209, 0.013721601106226444, 0.011008258908987045, 0.008549053221940994, 0.006374646909534931, 0.005327216815203428, 0.003854647045955062, 0.003236643737182021, 0.002098297467455268, 0.0017026405548676848, 0.0010629657190293074, 0.0008477770024910569, 0.0006427440675906837, 0.0005762673099525273, 0.011427639052271843, 0.004309595562517643, 0.0010683720465749502], "val_loss": [0.09349533915519714, 0.060769300907850266, 0.045643869787454605, 0.03963353857398033, 0.03410639986395836, 0.030324555933475494, 0.026030540466308594, 0.028864100575447083, 0.023933611810207367, 0.021431822329759598, 0.02143934555351734, 0.02235441841185093, 0.019942600280046463, 0.02140912413597107, 0.018722085282206535, 0.019036443904042244, 0.01816949062049389, 0.019572684541344643, 0.020271364599466324, 0.02681962586939335, 0.022351618856191635, 0.020397737622261047], "lr": 0.001, "normal_test_acc": [0.9779000282287598, 0.9858999848365784, 0.9872999787330627, 0.9890000224113464, 0.9898999929428101, 0.9901999831199646, 0.991100013256073, 0.989799976348877, 0.9905999898910522, 0.9916999936103821, 0.9904000163078308, 0.9908000230789185, 0.9916999936103821, 0.9908999800682068, 0.9915000200271606, 0.9909999966621399, 0.9915000200271606, 0.991100013256073, 0.9912999868392944, 0.9897000193595886, 0.9911999702453613, 0.9912999868392944]}