{"train_acc": [0.9310325980186462, 0.9811806082725525, 0.9876387715339661, 0.9914692640304565, 0.9937824010848999, 0.9951702356338501, 0.9963730573654175, 0.9972057938575745, 0.9982975721359253, 0.9984641075134277, 0.9992042779922485, 0.9995374083518982, 0.99964839220047, 0.9997039437294006, 0.9999629855155945, 0.9999629855155945, 0.9999815225601196, 1.0, 1.0, 1.0, 0.9997779130935669], "val_acc": [0.9768525958061218, 0.9856786131858826, 0.9895087480545044, 0.9908409714698792, 0.9931723475456238, 0.9943380355834961, 0.9961698651313782, 0.9938384890556335, 0.9966694712638855, 0.9960033297538757, 0.9961698651313782, 0.9970024824142456, 0.9970024824142456, 0.9960033297538757, 0.9968359470367432, 0.9970024824142456, 0.9970024824142456, 0.9970024824142456, 0.9965029358863831, 0.9963364005088806, 0.9840133190155029], "train_loss": [0.2645004093647003, 0.0668775886297226, 0.044574856758117676, 0.03239782154560089, 0.02453494444489479, 0.01939222402870655, 0.015131819993257523, 0.012147988192737103, 0.009467474184930325, 0.007706289179623127, 0.005626947619020939, 0.0040949201211333275, 0.003280961886048317, 0.003066922537982464, 0.0018251314759254456, 0.001382376067340374, 0.0011456122156232595, 0.0009979305323213339, 0.0005869872402399778, 0.0005561774014495313, 0.0012172221904620528], "val_loss": [0.08209815621376038, 0.04978260025382042, 0.036459170281887054, 0.035919446498155594, 0.025999581441283226, 0.02315181866288185, 0.01872558519244194, 0.02328323945403099, 0.018724218010902405, 0.015144875273108482, 0.014175213873386383, 0.013147816061973572, 0.011981516145169735, 0.015494287945330143, 0.01196797750890255, 0.011528423056006432, 0.01182432658970356, 0.01214777585119009, 0.012327185831964016, 0.012380275875329971, 0.04834897071123123], "lr": 0.001, "normal_test_acc": [0.978600025177002, 0.9847000241279602, 0.988099992275238, 0.9873999953269958, 0.989799976348877, 0.9900000095367432, 0.9911999702453613, 0.9901000261306763, 0.9907000064849854, 0.9921000003814697, 0.9911999702453613, 0.9922999739646912, 0.9915000200271606, 0.9908999800682068, 0.9916999936103821, 0.9926000237464905, 0.9919000267982483, 0.9923999905586243, 0.9919999837875366, 0.9915000200271606, 0.9811999797821045]}