{"train_acc": [0.9111800193786621, 0.9713006019592285, 0.9829974174499512, 0.9887338280677795, 0.9928165078163147, 0.9946770071983337, 0.9965546727180481, 0.9975365996360779, 0.9981740117073059, 0.9988802671432495, 0.9995693564414978, 0.9996382594108582, 0.9998277425765991, 0.9998794198036194, 0.9999483227729797, 1.0, 1.0, 1.0, 0.9957106113433838, 0.9995176792144775], "val_acc": [0.9590697884559631, 0.974418580532074, 0.9851163029670715, 0.9879069924354553, 0.9897674322128296, 0.9922480583190918, 0.9933333396911621, 0.9950387477874756, 0.9950387477874756, 0.9950387477874756, 0.9958139657974243, 0.9950387477874756, 0.9941084980964661, 0.9945736527442932, 0.9956589341163635, 0.9959689974784851, 0.9959689974784851, 0.9951937794685364, 0.9879069924354553, 0.9958139657974243], "train_loss": [0.30800142884254456, 0.09905486553907394, 0.06041212007403374, 0.04164527356624603, 0.02978259138762951, 0.021932443603873253, 0.016497183591127396, 0.012609527446329594, 0.01040914561599493, 0.007408616598695517, 0.00528886541724205, 0.0040628439746797085, 0.003177992068231106, 0.002829001983627677, 0.001994147663936019, 0.0011696888832375407, 0.0008698275196366012, 0.0007883210782893002, 0.013161464594304562, 0.0029200264252722263], "val_loss": [0.12919381260871887, 0.08058255910873413, 0.05287590250372887, 0.04187799617648125, 0.03630759194493294, 0.030518289655447006, 0.024295974522829056, 0.02153366059064865, 0.021214086562395096, 0.021470248699188232, 0.018563903868198395, 0.019026577472686768, 0.021411314606666565, 0.021384717896580696, 0.016629502177238464, 0.01694147102534771, 0.01731615699827671, 0.018959837034344673, 0.045799314975738525, 0.019317034631967545], "lr": 0.001, "normal_test_acc": [0.9778000116348267, 0.9857000112533569, 0.9876999855041504, 0.9891999959945679, 0.9890999794006348, 0.9912999868392944, 0.9912999868392944, 0.9911999702453613, 0.991100013256073, 0.9918000102043152, 0.9919999837875366, 0.9919999837875366, 0.9912999868392944, 0.9919999837875366, 0.9922000169754028, 0.9929999709129333, 0.9929999709129333, 0.9930999875068665, 0.9891999959945679, 0.9921000003814697]}