{
  "victim_model_size_params": 552874,
  "victim_model_size_mb": 2.1090469360351562,
  "victim_watermark_acc": 0.30000001192092896
}