{"train_acc": [0.3702455759048462, 0.5316154360771179, 0.6134787201881409, 0.6634731888771057, 0.6981610059738159, 0.7229820489883423, 0.7405792474746704, 0.7566127181053162, 0.7706199884414673, 0.7835260629653931, 0.796542227268219, 0.8050435185432434, 0.8149542808532715, 0.8211650848388672, 0.8281686902046204, 0.8358330726623535, 0.8377931714057922, 0.8462283611297607, 0.8500825762748718, 0.8556326627731323, 0.8566237092018127, 0.8626583218574524, 0.8683184385299683, 0.871159553527832, 0.8728113770484924, 0.8733619451522827, 0.8773042559623718, 0.8807620406150818, 0.881510853767395, 0.8865103125572205, 0.8856073021888733, 0.8900120854377747, 0.8926770091056824, 0.894791305065155], "val_acc": [0.21645192801952362, 0.5484638214111328, 0.62021803855896, 0.7177403569221497, 0.7330029606819153, 0.735381543636322, 0.772447943687439, 0.7758176326751709, 0.7867195010185242, 0.8227948546409607, 0.827353835105896, 0.800000011920929, 0.8396432399749756, 0.8515361547470093, 0.8307234644889832, 0.8634291291236877, 0.8311198949813843, 0.8689792156219482, 0.8701685070991516, 0.8741328120231628, 0.8790882229804993, 0.8822596669197083, 0.8800792694091797, 0.8735381364822388, 0.8953419327735901, 0.8664023876190186, 0.8838453888893127, 0.8989098072052002, 0.9002973437309265, 0.898711621761322, 0.8969276547431946, 0.8975222706794739, 0.898711621761322, 0.9016848206520081], "train_loss": [1.867966890335083, 1.3018778562545776, 1.0795996189117432, 0.9486075043678284, 0.8660600781440735, 0.7990552186965942, 0.7457503080368042, 0.6997473835945129, 0.6610199809074402, 0.6210899353027344, 0.5934131145477295, 0.5636626482009888, 0.5373040437698364, 0.5225585699081421, 0.49681463837623596, 0.4792727828025818, 0.46555113792419434, 0.45096224546432495, 0.4341658651828766, 0.4212374687194824, 0.41522714495658875, 0.3993685841560364, 0.38728708028793335, 0.3770056962966919, 0.37253710627555847, 0.3656245172023773, 0.3563743829727173, 0.34810468554496765, 0.34447598457336426, 0.3340054154396057, 0.33104556798934937, 0.3231208324432373, 0.31441378593444824, 0.3091718554496765], "val_loss": [2.5080435276031494, 1.321885108947754, 1.0665335655212402, 0.7946724891662598, 0.7546135783195496, 0.746070384979248, 0.6430491805076599, 0.6413509249687195, 0.6062922477722168, 0.5124818682670593, 0.5094358325004578, 0.5812997221946716, 0.47385939955711365, 0.427955687046051, 0.4807681143283844, 0.39453068375587463, 0.507361650466919, 0.3713538646697998, 0.37698009610176086, 0.3718838393688202, 0.3673839569091797, 0.35193943977355957, 0.3518790602684021, 0.38866257667541504, 0.32672786712646484, 0.3920655846595764, 0.36286333203315735, 0.3245064318180084, 0.2996448576450348, 0.31644266843795776, 0.321126788854599, 0.3151073455810547, 0.31052708625793457, 0.30609190464019775], "lr": 0.001, "normal_test_acc": [0.21410000324249268, 0.5453000068664551, 0.6115999817848206, 0.7067999839782715, 0.7192000150680542, 0.7250999808311462, 0.7555999755859375, 0.7542999982833862, 0.7549999952316284, 0.7890999913215637, 0.7871999740600586, 0.7601000070571899, 0.7922999858856201, 0.8027999997138977, 0.7889000177383423, 0.8144999742507935, 0.7742999792098999, 0.8237000107765198, 0.8230000138282776, 0.8205000162124634, 0.8194000124931335, 0.8242999911308289, 0.826200008392334, 0.8136000037193298, 0.8295999765396118, 0.8072999715805054, 0.8162999749183655, 0.8278999924659729, 0.8303999900817871, 0.8305000066757202, 0.8314999938011169, 0.8273000121116638, 0.8226000070571899, 0.8343999981880188], "adv_test_acc": [0.164000004529953, 0.5820000171661377, 0.5479999780654907, 0.5419999957084656, 0.5699999928474426, 0.5680000185966492, 0.5799999833106995, 0.5839999914169312, 0.5680000185966492, 0.5960000157356262, 0.578000009059906, 0.6060000061988831, 0.5960000157356262, 0.6140000224113464, 0.5960000157356262, 0.6100000143051147, 0.593999981880188, 0.6359999775886536, 0.6340000033378601, 0.621999979019165, 0.6240000128746033, 0.6359999775886536, 0.656000018119812, 0.5979999899864197, 0.6499999761581421, 0.5920000076293945, 0.6639999747276306, 0.6779999732971191, 0.6200000047683716, 0.671999990940094, 0.6620000004768372, 0.6240000128746033, 0.6579999923706055, 0.6539999842643738]}