{"train_acc": [0.3744773268699646, 0.5207663178443909, 0.5842111706733704, 0.6262463927268982, 0.6603811383247375, 0.6880427598953247, 0.7091307640075684, 0.7279068827629089, 0.7439289093017578, 0.7560107707977295, 0.7651777267456055, 0.7784054279327393, 0.786084771156311, 0.7968398332595825, 0.8050016164779663, 0.8113340139389038, 0.8186314105987549, 0.8207020163536072, 0.8265519738197327, 0.8324421048164368, 0.8335678577423096, 0.8410059213638306, 0.8414281010627747, 0.848665177822113, 0.850796103477478, 0.8548367619514465, 0.8572692275047302, 0.8598021864891052, 0.8614104390144348, 0.8634408116340637, 0.8663155436515808, 0.8691500425338745, 0.8717031478881836, 0.8764675259590149, 0.8739546537399292, 0.8763067126274109, 0.8793824315071106, 0.8825787901878357, 0.8812922239303589, 0.884971022605896, 0.8853530287742615, 0.8868808150291443, 0.8875844478607178, 0.8914039731025696, 0.8902581334114075, 0.8896751403808594, 0.8962286710739136, 0.8948214650154114, 0.8949621915817261], "val_acc": [0.1805354505777359, 0.5768813490867615, 0.6192113161087036, 0.6515918970108032, 0.7062228918075562, 0.7038711905479431, 0.7530752420425415, 0.7498190999031067, 0.7635672688484192, 0.7887120246887207, 0.8044500946998596, 0.8064399361610413, 0.7890738248825073, 0.8332127332687378, 0.8323082327842712, 0.8380969762802124, 0.8276049494743347, 0.8321273326873779, 0.8583574295043945, 0.8366497755050659, 0.8049927353858948, 0.8250723481178284, 0.8780752420425415, 0.8713820576667786, 0.8625180721282959, 0.8768090009689331, 0.8753618001937866, 0.8878437280654907, 0.8910998702049255, 0.8983357548713684, 0.8827785849571228, 0.8898335695266724, 0.8930897116661072, 0.8853111267089844, 0.8974312543869019, 0.90086829662323, 0.885672926902771, 0.8996020555496216, 0.8972503542900085, 0.8934515118598938, 0.903219997882843, 0.8985166549682617, 0.9091895818710327, 0.916063666343689, 0.9050289392471313, 0.9028581976890564, 0.9073805809020996, 0.9082850813865662, 0.9006873965263367], "train_loss": [1.8633503913879395, 1.3278342485427856, 1.158695101737976, 1.0438333749771118, 0.9621419310569763, 0.8867951035499573, 0.8333935141563416, 0.7804588675498962, 0.74064701795578, 0.7062181234359741, 0.6745584011077881, 0.6367659568786621, 0.6151397824287415, 0.5895729064941406, 0.5682563781738281, 0.5467138290405273, 0.531654953956604, 0.5219472646713257, 0.5012023448944092, 0.4888562560081482, 0.48130854964256287, 0.46210697293281555, 0.45958590507507324, 0.4371475577354431, 0.43150633573532104, 0.4231674373149872, 0.4161497950553894, 0.4080201983451843, 0.4038662612438202, 0.39356622099876404, 0.39220699667930603, 0.3812488317489624, 0.37483400106430054, 0.3626396059989929, 0.3691180348396301, 0.3564372956752777, 0.3527938723564148, 0.34204810857772827, 0.34588131308555603, 0.3385441303253174, 0.3374767601490021, 0.3280615508556366, 0.3251383602619171, 0.3165839612483978, 0.316471666097641, 0.316631942987442, 0.3025565445423126, 0.3070642650127411, 0.3077377676963806], "val_loss": [2.921539306640625, 1.1755824089050293, 1.085080862045288, 0.9782812595367432, 0.8196531534194946, 0.8329105377197266, 0.6851730346679688, 0.6921919584274292, 0.6922679543495178, 0.5937400460243225, 0.5546632409095764, 0.5588913559913635, 0.6143472194671631, 0.47692951560020447, 0.49862560629844666, 0.4701722264289856, 0.5035470128059387, 0.4789443612098694, 0.4144533574581146, 0.4828931987285614, 0.5969493389129639, 0.5254184007644653, 0.3651124835014343, 0.38595762848854065, 0.41309693455696106, 0.37141159176826477, 0.3627301752567291, 0.3335113227367401, 0.33914217352867126, 0.3309231698513031, 0.34951648116111755, 0.33622801303863525, 0.31755727529525757, 0.339242160320282, 0.3219147324562073, 0.30977264046669006, 0.34431925415992737, 0.3050955533981323, 0.312490314245224, 0.33680418133735657, 0.2926120460033417, 0.3112279772758484, 0.2866140604019165, 0.27729853987693787, 0.29835838079452515, 0.3062111735343933, 0.2916152775287628, 0.2950427234172821, 0.32481440901756287], "lr": 0.001, "normal_test_acc": [0.1687999963760376, 0.5777999758720398, 0.6247000098228455, 0.6625999808311462, 0.7149999737739563, 0.6996999979019165, 0.7526000142097473, 0.7480000257492065, 0.7486000061035156, 0.776199996471405, 0.7865999937057495, 0.7723000049591064, 0.7767999768257141, 0.802299976348877, 0.7982000112533569, 0.8029999732971191, 0.8012999892234802, 0.7950999736785889, 0.8134999871253967, 0.7944999933242798, 0.7660999894142151, 0.7818999886512756, 0.8198999762535095, 0.821399986743927, 0.8082000017166138, 0.8192999958992004, 0.8194000124931335, 0.8314999938011169, 0.8248000144958496, 0.8248999714851379, 0.8255000114440918, 0.8284000158309937, 0.8294000029563904, 0.829800009727478, 0.8258000016212463, 0.8360000252723694, 0.8252000212669373, 0.8313999772071838, 0.8309999704360962, 0.8245000243186951, 0.8331999778747559, 0.8317000269889832, 0.8400999903678894, 0.8392000198364258, 0.8349000215530396, 0.8299999833106995, 0.8371999859809875, 0.8370000123977661, 0.8300999999046326], "adv_test_acc": [0.19050870835781097, 0.5252646207809448, 0.4769545793533325, 0.5163878202438354, 0.5394332408905029, 0.5268009305000305, 0.6182997822761536, 0.643905758857727, 0.6184704899787903, 0.6981905102729797, 0.7034823894500732, 0.7408671975135803, 0.5739160180091858, 0.7758620977401733, 0.766985297203064, 0.76015704870224, 0.6858996152877808, 0.7796176075935364, 0.812393307685852, 0.78047114610672, 0.7314783334732056, 0.7400136590003967, 0.8402184844017029, 0.7604984641075134, 0.8009559512138367, 0.8371458053588867, 0.8487538695335388, 0.8444861769676208, 0.8434619307518005, 0.8639467358589172, 0.8333902359008789, 0.8525093793869019, 0.872140645980835, 0.8443154692649841, 0.8531922101974487, 0.8441447615623474, 0.8509730100631714, 0.8682144284248352, 0.8752133846282959, 0.8531922101974487, 0.878798246383667, 0.8857972025871277, 0.8832365870475769, 0.8791396617889404, 0.8596790432929993, 0.8818709254264832, 0.8625810742378235, 0.875725507736206, 0.8499487638473511]}