{"train_acc": [0.3743121922016144, 0.5333033800125122, 0.6110433340072632, 0.6527501344680786, 0.6850793361663818, 0.7131050825119019, 0.7344509363174438, 0.7484531402587891, 0.7619200348854065, 0.7722825407981873, 0.7864773869514465, 0.7961333394050598, 0.8076091408729553, 0.811998188495636, 0.8188279867172241, 0.8263857960700989, 0.8294902443885803, 0.8359346389770508, 0.8406234383583069, 0.8466610908508301, 0.848202645778656, 0.8517352938652039, 0.8544115424156189, 0.8610486388206482, 0.8630397915840149, 0.8667223453521729, 0.8694628477096558, 0.8730382919311523, 0.8737234473228455, 0.8762712478637695, 0.8767850399017334, 0.8796539902687073, 0.8819448947906494, 0.883657693862915, 0.8842785954475403, 0.8887104988098145, 0.8893527984619141, 0.8903376460075378, 0.8922002911567688, 0.8938060402870178, 0.895968496799469, 0.8996938467025757, 0.8977883458137512, 0.898109495639801, 0.8982165455818176, 0.9029267430305481, 0.9033121466636658, 0.9056458473205566], "val_acc": [0.22658959031105042, 0.5645471811294556, 0.6223506927490234, 0.681888222694397, 0.6641618609428406, 0.7483622431755066, 0.7427745461463928, 0.7695568203926086, 0.7739884257316589, 0.7934489250183105, 0.8090558648109436, 0.8084778189659119, 0.8159922957420349, 0.8152216076850891, 0.8100192546844482, 0.8452793955802917, 0.8325626254081726, 0.8522158265113831, 0.8481695652008057, 0.8574181199073792, 0.8549132943153381, 0.8741810917854309, 0.8605009913444519, 0.881695568561554, 0.8753371834754944, 0.8855491280555725, 0.8921002149581909, 0.8826589584350586, 0.8697495460510254, 0.8882466554641724, 0.8942196369171143, 0.9036608934402466, 0.8992292881011963, 0.902312159538269, 0.8926782011985779, 0.9073217511177063, 0.9057803750038147, 0.9057803750038147, 0.9048169851303101, 0.9100192785263062, 0.9167630076408386, 0.9063583612442017, 0.9217726588249207, 0.9150289297103882, 0.9136801362037659, 0.9202312231063843, 0.9179190993309021, 0.9152215719223022], "train_loss": [1.8536802530288696, 1.3034170866012573, 1.099136471748352, 0.9811201095581055, 0.9013128280639648, 0.8262377381324768, 0.7633960843086243, 0.7261875867843628, 0.6831080317497253, 0.6551309823989868, 0.6228175759315491, 0.5950478911399841, 0.5644291043281555, 0.5473850965499878, 0.5267120003700256, 0.5057292580604553, 0.49754494428634644, 0.47585368156433105, 0.4613516926765442, 0.4520052671432495, 0.43925726413726807, 0.4289610981941223, 0.4156496822834015, 0.4017852544784546, 0.39834630489349365, 0.38985541462898254, 0.3766994774341583, 0.37222182750701904, 0.3671616017818451, 0.36044764518737793, 0.3552265167236328, 0.35131001472473145, 0.33872514963150024, 0.3385917544364929, 0.33308178186416626, 0.3273104429244995, 0.3194564878940582, 0.31646570563316345, 0.314071923494339, 0.30743643641471863, 0.3001755177974701, 0.29705214500427246, 0.29943376779556274, 0.29406681656837463, 0.2964053153991699, 0.2841717004776001, 0.28119081258773804, 0.27645808458328247], "val_loss": [2.892893075942993, 1.196913242340088, 1.0521341562271118, 0.9131031632423401, 0.9479680061340332, 0.7050460577011108, 0.7257835865020752, 0.6369377970695496, 0.6441460251808167, 0.5850056409835815, 0.5528291463851929, 0.5487729907035828, 0.5377028584480286, 0.5398749709129333, 0.5586550235748291, 0.4606175422668457, 0.48742011189460754, 0.422873854637146, 0.459886759519577, 0.4335503876209259, 0.4168631136417389, 0.3771722912788391, 0.42803755402565, 0.3604464828968048, 0.36796805262565613, 0.3532730042934418, 0.33435389399528503, 0.3656773567199707, 0.3978954553604126, 0.3548360764980316, 0.3369247317314148, 0.3012007474899292, 0.3104311227798462, 0.3045516312122345, 0.32690221071243286, 0.294445276260376, 0.3133623003959656, 0.29085901379585266, 0.30824756622314453, 0.29281625151634216, 0.27561554312705994, 0.307069331407547, 0.264591783285141, 0.2669094204902649, 0.28811565041542053, 0.26862087845802307, 0.27431848645210266, 0.2770693004131317], "lr": 0.001, "normal_test_acc": [0.219200000166893, 0.567300021648407, 0.6215000152587891, 0.6703000068664551, 0.6547999978065491, 0.743399977684021, 0.7300000190734863, 0.7638000249862671, 0.757099986076355, 0.7753000259399414, 0.77920001745224, 0.7882000207901001, 0.781000018119812, 0.7756999731063843, 0.7849000096321106, 0.7993000149726868, 0.7961000204086304, 0.8120999932289124, 0.7991999983787537, 0.8097000122070312, 0.8112000226974487, 0.8263999819755554, 0.8141999840736389, 0.8267999887466431, 0.8235999941825867, 0.8285999894142151, 0.8352000117301941, 0.8220999836921692, 0.8144000172615051, 0.8242999911308289, 0.8330000042915344, 0.8420000076293945, 0.8367999792098999, 0.8395000100135803, 0.8341000080108643, 0.8367999792098999, 0.8330000042915344, 0.8391000032424927, 0.840499997138977, 0.839900016784668, 0.8453999757766724, 0.8353999853134155, 0.843999981880188, 0.8472999930381775, 0.8341000080108643, 0.8468000292778015, 0.8447999954223633, 0.8436999917030334], "adv_test_acc": [0.12618595361709595, 0.5251423120498657, 0.5099620223045349, 0.5189753174781799, 0.5303605198860168, 0.5464895367622375, 0.5412713289260864, 0.5673624277114868, 0.49810245633125305, 0.5920303463935852, 0.5811195373535156, 0.5597723126411438, 0.6133776307106018, 0.6257115602493286, 0.5711575150489807, 0.651802659034729, 0.6451612710952759, 0.6831119656562805, 0.6693548560142517, 0.6589183807373047, 0.6309297680854797, 0.6944971680641174, 0.6612903475761414, 0.6925995945930481, 0.6864326596260071, 0.697817862033844, 0.6560720801353455, 0.679791271686554, 0.6987665891647339, 0.6973434686660767, 0.6911764740943909, 0.7509487867355347, 0.7542694211006165, 0.7523719072341919, 0.7148956060409546, 0.7229601740837097, 0.7447817921638489, 0.7533206939697266, 0.7030360698699951, 0.7447817921638489, 0.722011387348175, 0.7395635843276978, 0.7727704048156738, 0.7822580933570862, 0.7685009241104126, 0.7879506349563599, 0.7756167054176331, 0.7808349132537842]}