{"train_acc": [0.3802226483821869, 0.5418904423713684, 0.6174852848052979, 0.6632176637649536, 0.6962016820907593, 0.7210652828216553, 0.7374154329299927, 0.7547260522842407, 0.773019015789032, 0.7810958027839661, 0.7964199781417847, 0.8020519614219666, 0.8124427199363708, 0.8177035450935364, 0.8235974907875061, 0.831587016582489, 0.8402095437049866, 0.844968318939209, 0.8487229943275452, 0.8502947092056274, 0.8551408052444458, 0.8612093329429626, 0.864374577999115], "val_acc": [0.15736739337444305, 0.6355599164962769, 0.6660118103027344, 0.6864439845085144, 0.7308447957038879, 0.7620825171470642, 0.752848744392395, 0.7846758365631104, 0.7941060662269592, 0.8058938980102539, 0.8247544169425964, 0.8304518461227417, 0.8408644199371338, 0.8432220220565796, 0.8457760214805603, 0.8504911661148071, 0.832023561000824, 0.8728880286216736, 0.8679764270782471, 0.8388997912406921, 0.8744597434997559, 0.8532416224479675, 0.8748526573181152], "train_loss": [1.858496069908142, 1.2815511226654053, 1.0796514749526978, 0.9603874087333679, 0.8678791522979736, 0.7994943261146545, 0.7524949312210083, 0.7016543745994568, 0.6567140221595764, 0.6337990164756775, 0.59589684009552, 0.5733100771903992, 0.5417618751525879, 0.5252858996391296, 0.5121354460716248, 0.48905137181282043, 0.46926358342170715, 0.45567381381988525, 0.44319677352905273, 0.43470466136932373, 0.4228927195072174, 0.40549978613853455, 0.39726895093917847], "val_loss": [3.165982246398926, 1.0347951650619507, 0.9448034167289734, 0.8821747899055481, 0.7654762268066406, 0.6857602000236511, 0.695700466632843, 0.6260828375816345, 0.5737823247909546, 0.5658014416694641, 0.5123024582862854, 0.5070881247520447, 0.4738013744354248, 0.4623023271560669, 0.45460134744644165, 0.44826018810272217, 0.5069624185562134, 0.38250732421875, 0.3884742259979248, 0.4921824038028717, 0.38342875242233276, 0.4533896744251251, 0.3832094967365265], "lr": 0.001, "normal_test_acc": [0.16599999368190765, 0.6164000034332275, 0.6565999984741211, 0.671500027179718, 0.7117999792098999, 0.7376000285148621, 0.7300999760627747, 0.760200023651123, 0.7696999907493591, 0.7698000073432922, 0.7897999882698059, 0.7894999980926514, 0.7975000143051147, 0.800000011920929, 0.8041999936103821, 0.8001000285148621, 0.7791000008583069, 0.8210999965667725, 0.8184999823570251, 0.7871000170707703, 0.8181999921798706, 0.7967000007629395, 0.8166999816894531], "adv_test_acc": [0.1080000028014183, 0.5559999942779541, 0.527999997138977, 0.5590000152587891, 0.5740000009536743, 0.5640000104904175, 0.5659999847412109, 0.5709999799728394, 0.578000009059906, 0.5809999704360962, 0.6110000014305115, 0.609000027179718, 0.6259999871253967, 0.6200000047683716, 0.6269999742507935, 0.6119999885559082, 0.6240000128746033, 0.6230000257492065, 0.6499999761581421, 0.5910000205039978, 0.6439999938011169, 0.6100000143051147, 0.6460000276565552]}