{"train_acc": [0.3740878999233246, 0.539617121219635, 0.6150098443031311, 0.6438106298446655, 0.6828697919845581, 0.7119709849357605, 0.7239462733268738, 0.744978129863739, 0.7597218751907349, 0.7716971635818481, 0.7841874957084656, 0.7898317575454712, 0.8027083873748779, 0.8009914755821228, 0.8128380179405212, 0.822023332118988, 0.8298137187957764, 0.8344278335571289, 0.8382478952407837, 0.8445789217948914, 0.8423469662666321, 0.837647020816803, 0.8475834727287292, 0.8566400408744812, 0.8341273665428162, 0.8533565402030945, 0.8634002804756165, 0.8649240136146545, 0.8652888536453247, 0.8294703364372253, 0.8644089698791504, 0.8714052438735962, 0.8700103163719177, 0.8765559196472168, 0.8777791857719421, 0.8832732439041138, 0.8808051943778992, 0.8792385458946228, 0.887694239616394], "val_acc": [0.1709154099225998, 0.6284279823303223, 0.635959804058075, 0.6444573402404785, 0.7282734513282776, 0.7106991410255432, 0.7444959282875061, 0.764967143535614, 0.7788721323013306, 0.7786790132522583, 0.8064889907836914, 0.8198146224021912, 0.8265739679336548, 0.8202008605003357, 0.8117033839225769, 0.8420239686965942, 0.8458864688873291, 0.8429895639419556, 0.8491695523262024, 0.8122827410697937, 0.8482039570808411, 0.8389339447021484, 0.8653920292854309, 0.8443414568901062, 0.8688682913780212, 0.8779451251029968, 0.8764001727104187, 0.8802626729011536, 0.8696407675743103, 0.8677095174789429, 0.8785245418548584, 0.8870220184326172, 0.874275803565979, 0.8897257447242737, 0.8910776376724243, 0.8771726489067078, 0.8912707567214966, 0.8916569948196411, 0.8887601494789124], "train_loss": [1.8631339073181152, 1.2783232927322388, 1.0784275531768799, 1.0053997039794922, 0.9036121964454651, 0.8238650560379028, 0.7858535051345825, 0.7288193702697754, 0.6859323382377625, 0.6511956453323364, 0.6189467906951904, 0.6010608077049255, 0.564194917678833, 0.5676537156105042, 0.5367915034294128, 0.5136160850524902, 0.4910275936126709, 0.4735242426395416, 0.461119681596756, 0.44843214750289917, 0.45363563299179077, 0.46965259313583374, 0.4452260136604309, 0.4160968065261841, 0.48831886053085327, 0.42508459091186523, 0.3914371132850647, 0.39298370480537415, 0.3898528516292572, 0.49912694096565247, 0.39119020104408264, 0.36900103092193604, 0.38049590587615967, 0.3600786030292511, 0.35323649644851685, 0.3412599563598633, 0.3450889587402344, 0.34854498505592346, 0.32643088698387146], "val_loss": [2.725543737411499, 1.0575064420700073, 1.049896001815796, 1.0525559186935425, 0.7717207074165344, 0.7924845218658447, 0.7118017077445984, 0.6661840081214905, 0.6196690201759338, 0.6411668658256531, 0.5476876497268677, 0.523234486579895, 0.4981880784034729, 0.5259205102920532, 0.54073566198349, 0.4709616005420685, 0.46690791845321655, 0.48089799284935, 0.4479876160621643, 0.5401978492736816, 0.4558781087398529, 0.48011574149131775, 0.39978280663490295, 0.46210646629333496, 0.39584648609161377, 0.3667775094509125, 0.36278849840164185, 0.3617570698261261, 0.4052223265171051, 0.4050524830818176, 0.37118497490882874, 0.3537607192993164, 0.37267595529556274, 0.3426983952522278, 0.3480246663093567, 0.39152422547340393, 0.3484340012073517, 0.3451147675514221, 0.36212313175201416], "lr": 0.001, "normal_test_acc": [0.17659999430179596, 0.609499990940094, 0.6220999956130981, 0.6219000220298767, 0.7164999842643738, 0.7021999955177307, 0.7293000221252441, 0.7469000220298767, 0.7591000199317932, 0.7594000101089478, 0.777899980545044, 0.7858999967575073, 0.7967000007629395, 0.7870000004768372, 0.7829999923706055, 0.7967000007629395, 0.7997000217437744, 0.7973999977111816, 0.810699999332428, 0.7782999873161316, 0.8055999875068665, 0.800599992275238, 0.8192999958992004, 0.8025000095367432, 0.8210999965667725, 0.8274000287055969, 0.8294000029563904, 0.8270999789237976, 0.8158000111579895, 0.8191999793052673, 0.8288999795913696, 0.8278999924659729, 0.8203999996185303, 0.8292999863624573, 0.8299999833106995, 0.8148000240325928, 0.8299999833106995, 0.8328999876976013, 0.8233000040054321], "adv_test_acc": [0.2099391520023346, 0.6460446119308472, 0.5998985767364502, 0.6080121994018555, 0.6825557947158813, 0.6369168162345886, 0.704361081123352, 0.7048681378364563, 0.6906693577766418, 0.7317444086074829, 0.726166307926178, 0.7292089462280273, 0.732758641242981, 0.7484787106513977, 0.7287018299102783, 0.7469574213027954, 0.7530425786972046, 0.7570993900299072, 0.779411792755127, 0.7444218993186951, 0.7641987800598145, 0.7586206793785095, 0.7789046764373779, 0.7479715943336487, 0.7839756608009338, 0.795638918876648, 0.7875253558158875, 0.8037525415420532, 0.7809330821037292, 0.7789046764373779, 0.8098376989364624, 0.8088235259056091, 0.8017241358757019, 0.8291075229644775, 0.8098376989364624, 0.7763691544532776, 0.8230223059654236, 0.8174442052841187, 0.7941176295280457]}