{"train_acc": [0.36186450719833374, 0.5355515480041504, 0.6173620820045471, 0.6650369167327881, 0.6960974931716919, 0.725321888923645, 0.7446794509887695, 0.7588160037994385, 0.7739037871360779, 0.7875757813453674, 0.7960931062698364, 0.8059820532798767, 0.8173089623451233, 0.8210256099700928, 0.8289013504981995, 0.8354055285453796, 0.8396309614181519, 0.8476395010948181, 0.8489447236061096, 0.8527719974517822, 0.860271692276001, 0.8624175786972046, 0.8648290038108826, 0.8703376054763794, 0.8719525933265686, 0.8755807280540466, 0.877306342124939, 0.879540741443634, 0.883478581905365, 0.8851156830787659, 0.887394368648529, 0.8866421580314636, 0.8884562849998474, 0.8902482390403748, 0.8931684494018555, 0.896885097026825, 0.8969736099243164, 0.9000486731529236, 0.9014866352081299, 0.9023715853691101, 0.9049599766731262, 0.9060440063476562, 0.9088535904884338, 0.9089863300323486], "val_acc": [0.1511049121618271, 0.6301015615463257, 0.650408148765564, 0.6946048140525818, 0.735616147518158, 0.767270565032959, 0.7417877912521362, 0.7694604992866516, 0.786780834197998, 0.8287875652313232, 0.8333665132522583, 0.8375473022460938, 0.8214214444160461, 0.8536731004714966, 0.854270339012146, 0.8646227121353149, 0.8582520484924316, 0.8556639552116394, 0.879554033279419, 0.8745769262313843, 0.8819430470466614, 0.8807485699653625, 0.8857256770133972, 0.88771653175354, 0.8930917978286743, 0.8821421265602112, 0.8966752886772156, 0.8913000226020813, 0.8996615409851074, 0.9028469324111938, 0.8797531127929688, 0.9016523957252502, 0.882341206073761, 0.9118056893348694, 0.9010551571846008, 0.9082221984863281, 0.91120845079422, 0.9120047688484192, 0.9213617444038391, 0.9177781939506531, 0.9207645058631897, 0.9028469324111938, 0.9064304232597351, 0.9215608239173889], "train_loss": [1.903082251548767, 1.2956174612045288, 1.079359531402588, 0.9531249403953552, 0.8671764135360718, 0.7841184735298157, 0.7372225522994995, 0.693095862865448, 0.6520434617996216, 0.6135983467102051, 0.5899538993835449, 0.5618119239807129, 0.5326709747314453, 0.5170305967330933, 0.4977460205554962, 0.47632119059562683, 0.4580686092376709, 0.44751793146133423, 0.4347890019416809, 0.42647936940193176, 0.40761396288871765, 0.39671432971954346, 0.3897368013858795, 0.37777429819107056, 0.37077486515045166, 0.36101385951042175, 0.35736188292503357, 0.34907039999961853, 0.34031009674072266, 0.33395811915397644, 0.3303341269493103, 0.32839277386665344, 0.32779210805892944, 0.31314191222190857, 0.3080766797065735, 0.29885512590408325, 0.29863667488098145, 0.2901580035686493, 0.2888125777244568, 0.2852575182914734, 0.27503007650375366, 0.2743675410747528, 0.27308300137519836, 0.2669042944908142], "val_loss": [3.144932985305786, 1.0372051000595093, 1.0052211284637451, 0.8811064958572388, 0.7544417977333069, 0.656924307346344, 0.7299384474754333, 0.6629509329795837, 0.612143874168396, 0.4840646982192993, 0.48234596848487854, 0.45950379967689514, 0.5045418739318848, 0.42222991585731506, 0.42341840267181396, 0.38707685470581055, 0.40070080757141113, 0.42821604013442993, 0.36003056168556213, 0.3687300980091095, 0.3431563675403595, 0.35321712493896484, 0.33589211106300354, 0.3382846415042877, 0.31847018003463745, 0.3451147675514221, 0.30964264273643494, 0.3303505480289459, 0.29391536116600037, 0.2961498498916626, 0.369724303483963, 0.2994355857372284, 0.34072649478912354, 0.26986750960350037, 0.310298353433609, 0.2728774845600128, 0.26768651604652405, 0.26828089356422424, 0.2481718808412552, 0.25567513704299927, 0.25688210129737854, 0.3039442002773285, 0.30190733075141907, 0.2548157274723053], "lr": 0.001, "normal_test_acc": [0.14869999885559082, 0.6079000234603882, 0.6281999945640564, 0.6754000186920166, 0.7156000137329102, 0.7418000102043152, 0.7178000211715698, 0.739799976348877, 0.7520999908447266, 0.7885000109672546, 0.7876999974250793, 0.7936000227928162, 0.7799000144004822, 0.8087000250816345, 0.8033999800682068, 0.8116999864578247, 0.8032000064849854, 0.7997000217437744, 0.8162000179290771, 0.8167999982833862, 0.8258000016212463, 0.8119999766349792, 0.8267999887466431, 0.8235999941825867, 0.8256000280380249, 0.8187000155448914, 0.824999988079071, 0.8240000009536743, 0.8352000117301941, 0.8259999752044678, 0.8105999827384949, 0.8273000121116638, 0.8166999816894531, 0.8335999846458435, 0.8274000287055969, 0.8381999731063843, 0.8382999897003174, 0.8331999778747559, 0.8424000144004822, 0.8420000076293945, 0.8407999873161316, 0.8278999924659729, 0.8242999911308289, 0.8398000001907349], "adv_test_acc": [0.11999999731779099, 0.7239999771118164, 0.6600000262260437, 0.7120000123977661, 0.7120000123977661, 0.6959999799728394, 0.6880000233650208, 0.7039999961853027, 0.7400000095367432, 0.7599999904632568, 0.7319999933242798, 0.7519999742507935, 0.7639999985694885, 0.7839999794960022, 0.7879999876022339, 0.7839999794960022, 0.8159999847412109, 0.7559999823570251, 0.7919999957084656, 0.8119999766349792, 0.7799999713897705, 0.7960000038146973, 0.8080000281333923, 0.8040000200271606, 0.8040000200271606, 0.8080000281333923, 0.8040000200271606, 0.800000011920929, 0.8159999847412109, 0.8199999928474426, 0.7919999957084656, 0.8080000281333923, 0.800000011920929, 0.8600000143051147, 0.8199999928474426, 0.8320000171661377, 0.843999981880188, 0.8199999928474426, 0.8519999980926514, 0.843999981880188, 0.843999981880188, 0.8240000009536743, 0.8040000200271606, 0.8519999980926514]}