{"train_acc": [0.38449451327323914, 0.5500664710998535, 0.6265866160392761, 0.672583281993866, 0.6982713341712952, 0.7180561423301697, 0.7409840226173401, 0.7548454403877258, 0.7698553204536438, 0.7784784436225891, 0.7913123965263367, 0.7997743487358093, 0.80696702003479, 0.8152475953102112, 0.8235685229301453, 0.8289881944656372, 0.8353145122528076, 0.8415602445602417, 0.8428899645805359, 0.8478663563728333, 0.8505258560180664, 0.8569126129150391, 0.8581416010856628, 0.8615666627883911, 0.8669258952140808, 0.8686586022377014, 0.8693435788154602, 0.874722957611084, 0.8769190311431885, 0.8771809935569763, 0.8788532018661499, 0.8806060552597046, 0.8835878372192383, 0.8825805187225342, 0.8870935440063477, 0.8894104957580566, 0.8905186057090759, 0.8920900821685791, 0.8925736546516418, 0.8942257165908813, 0.8962404727935791, 0.8965829610824585, 0.898053765296936, 0.8990611433982849, 0.8997864127159119, 0.9014385342597961, 0.9018011689186096, 0.9033324122428894, 0.9069790840148926, 0.9062134623527527, 0.9069790840148926, 0.9069589376449585, 0.9086110591888428, 0.9103638529777527, 0.9107265472412109], "val_acc": [0.22429737448692322, 0.5909337997436523, 0.6819583177566528, 0.6754306554794312, 0.7503173351287842, 0.7372620105743408, 0.7771531939506531, 0.7980054616928101, 0.7883952856063843, 0.7869446873664856, 0.8065276741981506, 0.8174070715904236, 0.8103354573249817, 0.8018132448196411, 0.8328195810317993, 0.8618313670158386, 0.8389846086502075, 0.8250226378440857, 0.8362647294998169, 0.8699909448623657, 0.8520398736000061, 0.8705348968505859, 0.8616500496864319, 0.8683590292930603, 0.87941974401474, 0.8815956711769104, 0.8661831617355347, 0.8690842986106873, 0.8690842986106873, 0.8859474062919617, 0.8955575823783875, 0.8995466828346252, 0.8964641690254211, 0.904079794883728, 0.8932003378868103, 0.8941069841384888, 0.9011785984039307, 0.8993653655052185, 0.9037171602249146, 0.9073436260223389, 0.9013599157333374, 0.9118766784667969, 0.8832275867462158, 0.904805064201355, 0.9008159637451172, 0.9075249433517456, 0.9060743451118469, 0.9080688953399658, 0.9118766784667969, 0.9209429025650024, 0.909156858921051, 0.9044424295425415, 0.9151405096054077, 0.9189483523368835, 0.9176790714263916], "train_loss": [1.8279696702957153, 1.2605897188186646, 1.0514391660690308, 0.9336983561515808, 0.8560749292373657, 0.8039677739143372, 0.7433156967163086, 0.7030537128448486, 0.6658532023429871, 0.6364436149597168, 0.6035295128822327, 0.5765552520751953, 0.5523006916046143, 0.5340909361839294, 0.5123845338821411, 0.4987679421901703, 0.47807493805885315, 0.46127739548683167, 0.4498201012611389, 0.44300585985183716, 0.43173766136169434, 0.4180909991264343, 0.41085681319236755, 0.40060147643089294, 0.38937270641326904, 0.38009828329086304, 0.3780394494533539, 0.36425256729125977, 0.35883891582489014, 0.3581595718860626, 0.3541747033596039, 0.34575825929641724, 0.33566561341285706, 0.3375306725502014, 0.324387788772583, 0.32569628953933716, 0.3159950375556946, 0.31325796246528625, 0.3118971586227417, 0.3066657781600952, 0.29993656277656555, 0.3002287745475769, 0.2963152825832367, 0.2918011546134949, 0.2898409962654114, 0.286182165145874, 0.28366729617118835, 0.2792884111404419, 0.2723839581012726, 0.26909971237182617, 0.269126832485199, 0.2691209614276886, 0.26589781045913696, 0.2603711783885956, 0.2568747103214264], "val_loss": [2.4416489601135254, 1.2465803623199463, 0.9010934233665466, 0.9154232144355774, 0.714341938495636, 0.7433054447174072, 0.6426856517791748, 0.5927127003669739, 0.6251943111419678, 0.621642529964447, 0.5916679501533508, 0.5329798460006714, 0.5435128808021545, 0.582690417766571, 0.5014285445213318, 0.4151041507720947, 0.4787037968635559, 0.5329341888427734, 0.48923298716545105, 0.3855381906032562, 0.44878944754600525, 0.3890857994556427, 0.41763877868652344, 0.3931133449077606, 0.37645280361175537, 0.36998996138572693, 0.3935275971889496, 0.4097095727920532, 0.39340701699256897, 0.3587348759174347, 0.32889115810394287, 0.3148822784423828, 0.3233567178249359, 0.3087676763534546, 0.3327018618583679, 0.31514981389045715, 0.31181424856185913, 0.32464098930358887, 0.30787649750709534, 0.29920798540115356, 0.31459322571754456, 0.29779449105262756, 0.373357892036438, 0.3141367435455322, 0.3173886239528656, 0.31821003556251526, 0.2936451733112335, 0.29238003492355347, 0.28402361273765564, 0.2683957517147064, 0.2950463593006134, 0.31363195180892944, 0.2835179567337036, 0.2690725326538086, 0.2705099582672119], "lr": 0.001, "normal_test_acc": [0.22190000116825104, 0.5902000069618225, 0.6875, 0.6870999932289124, 0.7458000183105469, 0.7408999800682068, 0.7728000283241272, 0.7897999882698059, 0.7778000235557556, 0.7778000235557556, 0.7893999814987183, 0.7998999953269958, 0.7976999878883362, 0.785099983215332, 0.8101000189781189, 0.829200029373169, 0.8181999921798706, 0.7993000149726868, 0.8108000159263611, 0.8335000276565552, 0.8173999786376953, 0.8324000239372253, 0.830299973487854, 0.83160001039505, 0.8400999903678894, 0.8389000296592712, 0.829800009727478, 0.8277999758720398, 0.8321999907493591, 0.8417999744415283, 0.8476999998092651, 0.8565000295639038, 0.8479999899864197, 0.8543999791145325, 0.8460000157356262, 0.8496999740600586, 0.8550999760627747, 0.8483999967575073, 0.8515999913215637, 0.8513000011444092, 0.8446999788284302, 0.8553000092506409, 0.8367999792098999, 0.8493000268936157, 0.8483999967575073, 0.8519999980926514, 0.85589998960495, 0.8578000068664551, 0.8616999983787537, 0.8622000217437744, 0.857200026512146, 0.8510000109672546, 0.8579000234603882, 0.8607000112533569, 0.8600999712944031], "adv_test_acc": [0.2404753565788269, 0.535127580165863, 0.6286263465881348, 0.6036350727081299, 0.6981824636459351, 0.6784341335296631, 0.7306885719299316, 0.7539321780204773, 0.7186298370361328, 0.7128626108169556, 0.7389025092124939, 0.7548059821128845, 0.7754281759262085, 0.7472911477088928, 0.7967494130134583, 0.826109766960144, 0.795001745223999, 0.7742048501968384, 0.8054875731468201, 0.8240125775337219, 0.8025165796279907, 0.8133519887924194, 0.8117790818214417, 0.8297798037528992, 0.8303040862083435, 0.8386927843093872, 0.8124781250953674, 0.8205173015594482, 0.8262845277786255, 0.8589653968811035, 0.8600139617919922, 0.8706746101379395, 0.8647326231002808, 0.870499849319458, 0.8565186858177185, 0.8711988925933838, 0.8822090029716492, 0.8706746101379395, 0.8717231750488281, 0.8802866339683533, 0.8671793341636658, 0.8813351988792419, 0.8544215559959412, 0.8657811880111694, 0.863159716129303, 0.8594896793365479, 0.8739951252937317, 0.8797622919082642, 0.8844809532165527, 0.8979377746582031, 0.8813351988792419, 0.8607130646705627, 0.883781909942627, 0.8883257508277893, 0.8864033818244934]}