{"train_acc": [0.3762933909893036, 0.5421960353851318, 0.6340100169181824, 0.6784981489181519, 0.7110238075256348, 0.7375027537345886, 0.7524557709693909, 0.7709451913833618, 0.7849159836769104, 0.7937349677085876, 0.8022484183311462, 0.8122898936271667, 0.8219384551048279, 0.8277668356895447, 0.8351014852523804, 0.8392490744590759, 0.8467583656311035, 0.8509277701377869, 0.8563632369041443, 0.8585898280143738, 0.861929714679718, 0.8664484024047852, 0.8682165741920471, 0.8713599443435669, 0.8767299652099609, 0.8771010637283325, 0.8819908499717712, 0.8834970593452454, 0.8846539855003357, 0.8864876627922058, 0.889914870262146, 0.8913119435310364, 0.8943243622779846, 0.8932983875274658], "val_acc": [0.14852651953697205, 0.6275048851966858, 0.6687622666358948, 0.6807465553283691, 0.7410609126091003, 0.7518664002418518, 0.7819253206253052, 0.8021610975265503, 0.7033398747444153, 0.800000011920929, 0.8084479570388794, 0.8367387056350708, 0.8310412764549255, 0.8349705338478088, 0.8290766477584839, 0.8502947092056274, 0.8612966537475586, 0.8208251595497131, 0.8689587712287903, 0.877406656742096, 0.8772101998329163, 0.881335973739624, 0.8901768326759338, 0.885461688041687, 0.8958742618560791, 0.8958742618560791, 0.8923379182815552, 0.901178777217865, 0.902946949005127, 0.8960707187652588, 0.89528489112854, 0.8937131762504578, 0.8911591172218323, 0.875638484954834], "train_loss": [1.8421190977096558, 1.2766244411468506, 1.0416101217269897, 0.9107235670089722, 0.8241696953773499, 0.7564671635627747, 0.709298849105835, 0.6626384258270264, 0.6272003054618835, 0.5944127440452576, 0.5758710503578186, 0.5423492789268494, 0.5223175287246704, 0.49787142872810364, 0.482066810131073, 0.4632289409637451, 0.4490536153316498, 0.43199023604393005, 0.4237619638442993, 0.4109594225883484, 0.4023681879043579, 0.3924112915992737, 0.38108810782432556, 0.3716730773448944, 0.35830608010292053, 0.35586312413215637, 0.34205472469329834, 0.3362175524234772, 0.3378966748714447, 0.3298637270927429, 0.3194420039653778, 0.3110868036746979, 0.3075675368309021, 0.3101808428764343], "val_loss": [3.1978907585144043, 1.0446255207061768, 0.9260154962539673, 0.9406508207321167, 0.7292275428771973, 0.7171833515167236, 0.6229563355445862, 0.5629184246063232, 0.8831970691680908, 0.5927032232284546, 0.5725254416465759, 0.4917202293872833, 0.5104928612709045, 0.49965983629226685, 0.5248664617538452, 0.43849441409111023, 0.4098671078681946, 0.5707200169563293, 0.41803738474845886, 0.3823876678943634, 0.3635202944278717, 0.37466269731521606, 0.34142038226127625, 0.37278929352760315, 0.3171689808368683, 0.32227104902267456, 0.3453880250453949, 0.3091807961463928, 0.3075355589389801, 0.3520752787590027, 0.32594749331474304, 0.3385680317878723, 0.3567085862159729, 0.39810484647750854], "lr": 0.001, "normal_test_acc": [0.14159999787807465, 0.6195999979972839, 0.6646999716758728, 0.6606000065803528, 0.7286999821662903, 0.7365999817848206, 0.7651000022888184, 0.7757999897003174, 0.6881999969482422, 0.7685999870300293, 0.7785999774932861, 0.7947999835014343, 0.786899983882904, 0.7924000024795532, 0.7847999930381775, 0.8052999973297119, 0.8095999956130981, 0.7723000049591064, 0.8094000220298767, 0.821399986743927, 0.8206999897956848, 0.8235999941825867, 0.820900022983551, 0.8205999732017517, 0.8328999876976013, 0.8324000239372253, 0.8219000101089478, 0.8327000141143799, 0.8305000066757202, 0.8222000002861023, 0.8281000256538391, 0.8270999789237976, 0.8259000182151794, 0.8141000270843506], "adv_test_acc": [0.17599999904632568, 0.7160000205039978, 0.7049999833106995, 0.6840000152587891, 0.7260000109672546, 0.6859999895095825, 0.7360000014305115, 0.7289999723434448, 0.6230000257492065, 0.7440000176429749, 0.746999979019165, 0.7409999966621399, 0.75, 0.7289999723434448, 0.7139999866485596, 0.753000020980835, 0.765999972820282, 0.7279999852180481, 0.7609999775886536, 0.7639999985694885, 0.7680000066757202, 0.7799999713897705, 0.7990000247955322, 0.7860000133514404, 0.7990000247955322, 0.8069999814033508, 0.7829999923706055, 0.8100000023841858, 0.7919999957084656, 0.7889999747276306, 0.8019999861717224, 0.8040000200271606, 0.800000011920929, 0.7630000114440918]}