{"train_acc": [0.38172006607055664, 0.5330470204353333, 0.6120030879974365, 0.6611606478691101, 0.6932496428489685, 0.7209998965263367, 0.7410637736320496, 0.7572734355926514, 0.7705538868904114, 0.7847153544425964, 0.7942957878112793, 0.8072459101676941, 0.8117387890815735, 0.8214734196662903, 0.8265389204025269, 0.8344014883041382, 0.8429468274116516, 0.8434533476829529, 0.8481224775314331, 0.8543993234634399, 0.8610725402832031, 0.8621297478675842], "val_acc": [0.1476709544658661, 0.6055500507354736, 0.6574826836585999, 0.6469771862030029, 0.7304261922836304, 0.765906810760498, 0.7821605801582336, 0.8015857338905334, 0.7912784814834595, 0.8091179132461548, 0.8287413120269775, 0.7992071509361267, 0.8517343997955322, 0.8364717364311218, 0.8620416522026062, 0.8325074315071106, 0.8717542290687561, 0.8527254462242126, 0.8729435205459595, 0.8570862412452698, 0.8685827255249023, 0.8535183072090149], "train_loss": [1.8358244895935059, 1.2908231019973755, 1.086794137954712, 0.9619695544242859, 0.867721676826477, 0.7987785339355469, 0.7473312020301819, 0.6997107863426208, 0.6602023243904114, 0.6163656711578369, 0.5922400951385498, 0.5634965896606445, 0.5415269732475281, 0.518825113773346, 0.5042180418968201, 0.4798436760902405, 0.4642102122306824, 0.4556666314601898, 0.43847745656967163, 0.4221082627773285, 0.4085291922092438, 0.4008760452270508], "val_loss": [2.8638205528259277, 1.0750802755355835, 0.981387734413147, 1.0065252780914307, 0.7418643236160278, 0.6509695053100586, 0.6133559346199036, 0.5600727200508118, 0.5987658500671387, 0.5386958122253418, 0.502025306224823, 0.5800004005432129, 0.4432380497455597, 0.4681181013584137, 0.4134097695350647, 0.48867735266685486, 0.3839811682701111, 0.43420398235321045, 0.3972795903682709, 0.4370930790901184, 0.4050828516483307, 0.440590500831604], "lr": 0.001, "normal_test_acc": [0.14000000059604645, 0.6039000153541565, 0.6398000121116638, 0.6363000273704529, 0.711899995803833, 0.7480000257492065, 0.7562999725341797, 0.767799973487854, 0.762499988079071, 0.7742999792098999, 0.7896999716758728, 0.7648000121116638, 0.8034999966621399, 0.7907000184059143, 0.8111000061035156, 0.7867000102996826, 0.8159999847412109, 0.8065000176429749, 0.8104000091552734, 0.7953000068664551, 0.8057000041007996, 0.7979999780654907], "adv_test_acc": [0.11599999666213989, 0.6800000071525574, 0.6740000247955322, 0.6480000019073486, 0.6800000071525574, 0.7039999961853027, 0.722000002861023, 0.7200000286102295, 0.7300000190734863, 0.7059999704360962, 0.7419999837875366, 0.6919999718666077, 0.7400000095367432, 0.7120000123977661, 0.7519999742507935, 0.7260000109672546, 0.7580000162124634, 0.7260000109672546, 0.7540000081062317, 0.7059999704360962, 0.7720000147819519, 0.7099999785423279]}