{"train_acc": [0.37212955951690674, 0.5422326326370239, 0.6199504733085632, 0.6697270274162292, 0.6995708346366882, 0.728153645992279, 0.745984673500061, 0.7597672939300537, 0.7739701867103577, 0.789898693561554, 0.7971992492675781, 0.8057165741920471, 0.8137692809104919, 0.8249192237854004, 0.8295208215713501, 0.8367771506309509, 0.8389894366264343, 0.8452059626579285, 0.8493650555610657, 0.8562231659889221, 0.8597628474235535, 0.8625946044921875, 0.8670855164527893, 0.8678377270698547, 0.8739878535270691, 0.875315248966217, 0.8786779642105103, 0.8815760612487793, 0.8849608302116394, 0.8867970705032349, 0.8876819610595703], "val_acc": [0.1670316606760025, 0.6117857694625854, 0.6462273597717285, 0.7262592315673828, 0.7169022560119629, 0.7774238586425781, 0.7308381199836731, 0.8031057119369507, 0.811268150806427, 0.814851701259613, 0.8060919642448425, 0.8453115820884705, 0.8492932319641113, 0.8417280316352844, 0.8512840867042542, 0.856062114238739, 0.8363527655601501, 0.8554648756980896, 0.8697988986968994, 0.8562611937522888, 0.8624328374862671, 0.8739796876907349, 0.8771650195121765, 0.8845311403274536, 0.8715906739234924, 0.8998606204986572, 0.8903046250343323, 0.8970734477043152, 0.8805494904518127, 0.8918972611427307, 0.8984670639038086], "train_loss": [1.8682633638381958, 1.2779815196990967, 1.0696430206298828, 0.9332166910171509, 0.8513757586479187, 0.7785900831222534, 0.7295893430709839, 0.6885625720024109, 0.6495735049247742, 0.6074945330619812, 0.5869928598403931, 0.5616518259048462, 0.5381094813346863, 0.5104769468307495, 0.4968664050102234, 0.4776594936847687, 0.4608629643917084, 0.45149558782577515, 0.43292534351348877, 0.41931283473968506, 0.40467947721481323, 0.39881181716918945, 0.3875066637992859, 0.3815179765224457, 0.3704732656478882, 0.36124852299690247, 0.35319292545318604, 0.3397711217403412, 0.336351215839386, 0.32881131768226624, 0.32719090580940247], "val_loss": [2.9565391540527344, 1.0833985805511475, 0.989523708820343, 0.7715369462966919, 0.7832269668579102, 0.640597939491272, 0.7966212630271912, 0.5764878988265991, 0.5524318814277649, 0.5169743895530701, 0.5741313695907593, 0.45016250014305115, 0.4375529885292053, 0.44662925601005554, 0.4318174123764038, 0.41613659262657166, 0.4880978763103485, 0.44556933641433716, 0.4073886275291443, 0.4500265121459961, 0.42101600766181946, 0.3879523277282715, 0.3660946190357208, 0.3691787123680115, 0.39795994758605957, 0.30852270126342773, 0.3443011939525604, 0.33110255002975464, 0.3871270418167114, 0.35086286067962646, 0.3175215721130371], "lr": 0.001, "normal_test_acc": [0.17159999907016754, 0.6068000197410583, 0.6261000037193298, 0.7150999903678894, 0.7014999985694885, 0.751800000667572, 0.7042999863624573, 0.7687000036239624, 0.7730000019073486, 0.788100004196167, 0.7671999931335449, 0.8027999997138977, 0.8051999807357788, 0.801800012588501, 0.8093000054359436, 0.8134999871253967, 0.7889999747276306, 0.8007000088691711, 0.8129000067710876, 0.8026999831199646, 0.8069999814033508, 0.8125, 0.8253999948501587, 0.8220000267028809, 0.8083000183105469, 0.8355000019073486, 0.8256000280380249, 0.8302000164985657, 0.8134999871253967, 0.826200008392334, 0.8356000185012817], "adv_test_acc": [0.1599999964237213, 0.492000013589859, 0.527999997138977, 0.5519999861717224, 0.5440000295639038, 0.5559999942779541, 0.5, 0.5519999861717224, 0.5640000104904175, 0.5320000052452087, 0.5640000104904175, 0.6119999885559082, 0.5640000104904175, 0.5920000076293945, 0.6159999966621399, 0.5519999861717224, 0.5040000081062317, 0.5680000185966492, 0.5440000295639038, 0.5640000104904175, 0.5559999942779541, 0.5920000076293945, 0.5960000157356262, 0.527999997138977, 0.5960000157356262, 0.6639999747276306, 0.6320000290870667, 0.628000020980835, 0.6240000128746033, 0.5960000157356262, 0.6079999804496765]}