{"train_acc": [0.37119850516319275, 0.5263192653656006, 0.6093032360076904, 0.6661564707756042, 0.6947494745254517, 0.7231871485710144, 0.7425744533538818, 0.7581908106803894, 0.7719216346740723, 0.7843881249427795, 0.7926399111747742, 0.8028659820556641, 0.8116057515144348, 0.8228300213813782, 0.8288414478302002, 0.8340986371040344, 0.8387569189071655, 0.8448126912117004, 0.8544619679450989, 0.8560812473297119, 0.8587653040885925, 0.8629799485206604, 0.8651981949806213, 0.8690357208251953, 0.8742707371711731, 0.8777977228164673, 0.8778864741325378, 0.8833433389663696, 0.8811472654342651, 0.8855393528938293, 0.890397310256958, 0.8890219926834106, 0.8935028314590454, 0.8939686417579651, 0.8964530229568481, 0.896941065788269, 0.8983163833618164, 0.9037066698074341, 0.9019986391067505, 0.9038397669792175, 0.9055034518241882, 0.9067012667655945, 0.9093631505966187, 0.909540593624115, 0.9100286364555359, 0.9098289608955383, 0.9116922616958618, 0.9131341576576233, 0.9144872426986694, 0.9167498350143433, 0.9159734845161438, 0.9194782972335815], "val_acc": [0.24975045025348663, 0.5997204780578613, 0.667598307132721, 0.7155120968818665, 0.7374725341796875, 0.7494509816169739, 0.7772010564804077, 0.7797963619232178, 0.7923737168312073, 0.8061489462852478, 0.8185266256332397, 0.8067478537559509, 0.8313036561012268, 0.8348971605300903, 0.8656418323516846, 0.8602515459060669, 0.8590537309646606, 0.856258749961853, 0.8800159692764282, 0.8760231733322144, 0.8598522543907166, 0.8798163533210754, 0.881413459777832, 0.8969854116439819, 0.8897983431816101, 0.8876023292541504, 0.9045717716217041, 0.9011778831481934, 0.9043721556663513, 0.9089638590812683, 0.9059692621231079, 0.8999800086021423, 0.9115591645240784, 0.9089638590812683, 0.8778198957443237, 0.9153523445129395, 0.9115591645240784, 0.8983829021453857, 0.9151527285575867, 0.9159513115882874, 0.9107606410980225, 0.9199441075325012, 0.917548418045044, 0.8983829021453857, 0.927929699420929, 0.9237372875213623, 0.9285286664962769, 0.9273307919502258, 0.9149531126022339, 0.9219405055046082, 0.9237372875213623, 0.9331203699111938], "train_loss": [1.871245265007019, 1.3111320734024048, 1.1031365394592285, 0.9487637281417847, 0.874213457107544, 0.7970066070556641, 0.7425405383110046, 0.6958255767822266, 0.6558031439781189, 0.6202799081802368, 0.5947883725166321, 0.5670921206474304, 0.5425911545753479, 0.5188406705856323, 0.4953710436820984, 0.4795619547367096, 0.4650392234325409, 0.453154593706131, 0.4236544072628021, 0.42141193151474, 0.40937650203704834, 0.39414337277412415, 0.3920295536518097, 0.3808967173099518, 0.36636680364608765, 0.35636675357818604, 0.35210487246513367, 0.34015953540802, 0.3401813507080078, 0.33185791969299316, 0.32401710748672485, 0.32117965817451477, 0.3137633204460144, 0.30935606360435486, 0.2982979416847229, 0.30010688304901123, 0.2956106960773468, 0.283050537109375, 0.28643640875816345, 0.27886638045310974, 0.27536699175834656, 0.27033111453056335, 0.2680215537548065, 0.26279598474502563, 0.2618657350540161, 0.26420411467552185, 0.25515878200531006, 0.25180530548095703, 0.2490016222000122, 0.2425473928451538, 0.24161426723003387, 0.23787175118923187], "val_loss": [2.4834792613983154, 1.1310867071151733, 0.9641385674476624, 0.833382248878479, 0.7571781873703003, 0.7082139849662781, 0.6211010813713074, 0.6562207937240601, 0.6018058657646179, 0.55507493019104, 0.5362823009490967, 0.552366316318512, 0.501487672328949, 0.48659634590148926, 0.3884902000427246, 0.42385345697402954, 0.43857088685035706, 0.4460415244102478, 0.369992196559906, 0.37434279918670654, 0.4158131182193756, 0.37798163294792175, 0.3679336607456207, 0.32735395431518555, 0.33634838461875916, 0.3502929210662842, 0.30505988001823425, 0.3117266595363617, 0.3152868449687958, 0.3071339726448059, 0.297143816947937, 0.32745981216430664, 0.296045184135437, 0.29445990920066833, 0.384676069021225, 0.28238973021507263, 0.29332152009010315, 0.3448677361011505, 0.2876058518886566, 0.2760334014892578, 0.29753610491752625, 0.26564741134643555, 0.2745581269264221, 0.3281325399875641, 0.24977411329746246, 0.26128268241882324, 0.24458806216716766, 0.24922342598438263, 0.2823259234428406, 0.26646363735198975, 0.2678908407688141, 0.25276073813438416], "lr": 0.001, "normal_test_acc": [0.2556000053882599, 0.5968000292778015, 0.6553000211715698, 0.6991999745368958, 0.7239000201225281, 0.725600004196167, 0.7623000144958496, 0.7548999786376953, 0.7656999826431274, 0.7735999822616577, 0.7820000052452087, 0.7669000029563904, 0.7870000004768372, 0.7937999963760376, 0.8119999766349792, 0.8051999807357788, 0.7973999977111816, 0.7971000075340271, 0.8141000270843506, 0.8163999915122986, 0.8029000163078308, 0.8091999888420105, 0.8166000247001648, 0.823199987411499, 0.8234000205993652, 0.8213000297546387, 0.8312000036239624, 0.8288999795913696, 0.8285999894142151, 0.8288999795913696, 0.8339999914169312, 0.8274999856948853, 0.8352000117301941, 0.8352000117301941, 0.8069999814033508, 0.8421000242233276, 0.8370000123977661, 0.814300000667572, 0.839900016784668, 0.8379999995231628, 0.8303999900817871, 0.8379999995231628, 0.8399999737739563, 0.810699999332428, 0.8435999751091003, 0.8402000069618225, 0.8482000231742859, 0.8463000059127808, 0.8396999835968018, 0.8492000102996826, 0.8392999768257141, 0.8384000062942505], "adv_test_acc": [0.23999999463558197, 0.5400000214576721, 0.5400000214576721, 0.5400000214576721, 0.5199999809265137, 0.5199999809265137, 0.5799999833106995, 0.5299999713897705, 0.5799999833106995, 0.5400000214576721, 0.5699999928474426, 0.550000011920929, 0.5199999809265137, 0.550000011920929, 0.6299999952316284, 0.550000011920929, 0.5699999928474426, 0.550000011920929, 0.5600000023841858, 0.5400000214576721, 0.5799999833106995, 0.6100000143051147, 0.6200000047683716, 0.6000000238418579, 0.6299999952316284, 0.6299999952316284, 0.6299999952316284, 0.6299999952316284, 0.5899999737739563, 0.6200000047683716, 0.6299999952316284, 0.6399999856948853, 0.5600000023841858, 0.6399999856948853, 0.6299999952316284, 0.6200000047683716, 0.6100000143051147, 0.6100000143051147, 0.6600000262260437, 0.6700000166893005, 0.6399999856948853, 0.6499999761581421, 0.6800000071525574, 0.5699999928474426, 0.6800000071525574, 0.6399999856948853, 0.6899999976158142, 0.6800000071525574, 0.6299999952316284, 0.6600000262260437, 0.6499999761581421, 0.6399999856948853]}