{"train_acc": [0.3701115846633911, 0.5350369215011597, 0.6149375438690186, 0.6628513336181641, 0.6953705549240112, 0.7201259732246399, 0.7409995198249817, 0.7569707632064819, 0.7722544074058533, 0.7823473215103149, 0.7974312901496887, 0.8048401474952698, 0.8144673109054565, 0.8225416541099548, 0.82828688621521, 0.8342539072036743, 0.8403761982917786, 0.845211923122406, 0.8475632667541504, 0.8557263612747192, 0.8604068160057068, 0.8614050149917603, 0.8658415079116821], "val_acc": [0.14993011951446533, 0.5859453082084656, 0.6488320827484131, 0.7037332653999329, 0.7410660982131958, 0.7033339738845825, 0.7815931439399719, 0.7793970704078674, 0.7921741008758545, 0.7943701148033142, 0.8213216066360474, 0.847274899482727, 0.8115392327308655, 0.8386903405189514, 0.8372928500175476, 0.7949690818786621, 0.8586544394493103, 0.8796166777610779, 0.8580554723739624, 0.8588540554046631, 0.8596526384353638, 0.8448792099952698, 0.8750249743461609], "train_loss": [1.8772298097610474, 1.2854502201080322, 1.0795934200286865, 0.959274172782898, 0.8670047521591187, 0.795907735824585, 0.7388362288475037, 0.6942756772041321, 0.6527036428451538, 0.6262462735176086, 0.5891536474227905, 0.5587130784988403, 0.538663387298584, 0.5139803290367126, 0.4976493716239929, 0.48145994544029236, 0.46367281675338745, 0.4499651789665222, 0.43850022554397583, 0.418988436460495, 0.4051273763179779, 0.39937859773635864, 0.39179283380508423], "val_loss": [3.24306058883667, 1.1488147974014282, 1.004218578338623, 0.8541826009750366, 0.7208359241485596, 0.8434292078018188, 0.6246324777603149, 0.6376786828041077, 0.6001943349838257, 0.6195921897888184, 0.5176985859870911, 0.4540829062461853, 0.562589168548584, 0.4826868176460266, 0.4880927801132202, 0.659903347492218, 0.42189347743988037, 0.36587876081466675, 0.43585100769996643, 0.420335054397583, 0.42873871326446533, 0.5092520713806152, 0.3869999945163727], "lr": 0.001, "normal_test_acc": [0.14659999310970306, 0.5748999714851379, 0.6273000240325928, 0.6784999966621399, 0.718999981880188, 0.6805999875068665, 0.7457000017166138, 0.7444999814033508, 0.7588000297546387, 0.7577000260353088, 0.7803999781608582, 0.8014000058174133, 0.7749999761581421, 0.7930999994277954, 0.7914000153541565, 0.7443000078201294, 0.8069000244140625, 0.8224999904632568, 0.805400013923645, 0.8057000041007996, 0.8046000003814697, 0.7883999943733215, 0.8162000179290771], "adv_test_acc": [0.10000000149011612, 0.7599999904632568, 0.7099999785423279, 0.7099999785423279, 0.7300000190734863, 0.6800000071525574, 0.75, 0.7200000286102295, 0.7699999809265137, 0.7400000095367432, 0.7799999713897705, 0.7799999713897705, 0.75, 0.75, 0.699999988079071, 0.5699999928474426, 0.7900000214576721, 0.7900000214576721, 0.7200000286102295, 0.800000011920929, 0.7400000095367432, 0.7099999785423279, 0.7799999713897705]}