{"train_acc": [0.9289219975471497, 0.9790460467338562, 0.9862512350082397, 0.9909015893936157, 0.9934013485908508, 0.9950188398361206, 0.9965260624885559, 0.9976105093955994, 0.9977391958236694, 0.9986214637756348, 0.9992647767066956, 0.9994669556617737, 0.9988052845001221, 0.9997978210449219, 0.9999264478683472, 0.9999816417694092, 0.9999632239341736, 1.0, 0.9990074634552002], "val_acc": [0.9745243787765503, 0.9806451797485352, 0.9870967864990234, 0.9859387874603271, 0.9925558567047119, 0.9922249913215637, 0.9952026605606079, 0.9942100644111633, 0.9943755269050598, 0.994706392288208, 0.994706392288208, 0.9942100644111633, 0.9943755269050598, 0.9956989288330078, 0.994706392288208, 0.9955335259437561, 0.9950371980667114, 0.9953680634498596, 0.9917287230491638], "train_loss": [0.26935312151908875, 0.07255666702985764, 0.04868217557668686, 0.034567683935165405, 0.026190927252173424, 0.020468441769480705, 0.0157490074634552, 0.012172471731901169, 0.010862036608159542, 0.0076457420364022255, 0.005624143872410059, 0.00447114696726203, 0.0064546591602265835, 0.0026730927638709545, 0.0018561517354100943, 0.0016372653190046549, 0.0010201060213148594, 0.0008321315399371088, 0.003361404873430729], "val_loss": [0.09168756753206253, 0.06993691623210907, 0.04725493863224983, 0.04361278936266899, 0.02883923426270485, 0.030933810397982597, 0.023504257202148438, 0.025533104315400124, 0.02336147613823414, 0.02048639766871929, 0.01989397034049034, 0.023049497976899147, 0.019936278462409973, 0.017234420403838158, 0.01991267502307892, 0.0181206613779068, 0.01975541189312935, 0.017971370369195938, 0.029845746234059334], "lr": 0.001, "normal_test_acc": [0.9783999919891357, 0.9832000136375427, 0.9879999756813049, 0.9872000217437744, 0.9891999959945679, 0.9902999997138977, 0.9902999997138977, 0.9902999997138977, 0.9890999794006348, 0.9907000064849854, 0.9902999997138977, 0.9890000224113464, 0.9907000064849854, 0.9919999837875366, 0.991599977016449, 0.9915000200271606, 0.9900000095367432, 0.9918000102043152, 0.9890999794006348]}