{"train_acc": [0.9344645142555237, 0.9806604385375977, 0.9867177605628967, 0.9898741245269775, 0.992920994758606, 0.9952746033668518, 0.9965152144432068, 0.9973909854888916, 0.9980112910270691, 0.9993066787719727, 0.9994344115257263, 0.9994344115257263, 0.999416172504425, 0.9997080564498901, 0.9999270439147949, 0.9999817609786987, 0.9998175501823425, 0.9972450137138367, 0.9997263550758362, 1.0, 1.0, 1.0, 1.0, 1.0], "val_acc": [0.9719212055206299, 0.9783251285552979, 0.984893262386322, 0.9878489375114441, 0.9891625642776489, 0.992118239402771, 0.9899835586547852, 0.9917898178100586, 0.9944170713424683, 0.9944170713424683, 0.9947454929351807, 0.9950739145278931, 0.9945812821388245, 0.9949097037315369, 0.9945812821388245, 0.9947454929351807, 0.9926108121871948, 0.9939244389533997, 0.9945812821388245, 0.9950739145278931, 0.9958949089050293, 0.9954022765159607, 0.9957306981086731, 0.9954022765159607], "train_loss": [0.24999532103538513, 0.0694674700498581, 0.04698038473725319, 0.0352550745010376, 0.026761246845126152, 0.01968490146100521, 0.01557491347193718, 0.012745038606226444, 0.010106566362082958, 0.006949787959456444, 0.005793201271444559, 0.004765728954225779, 0.004454825539141893, 0.0032107436563819647, 0.0020034017506986856, 0.001499646925367415, 0.0017008682480081916, 0.008953969925642014, 0.0020602482836693525, 0.0006158279138617218, 0.00042322868830524385, 0.0003503962652757764, 0.0002917857200372964, 0.00025409425143152475], "val_loss": [0.09309963136911392, 0.06800719350576401, 0.050860509276390076, 0.04076365754008293, 0.03380107507109642, 0.0299749206751585, 0.033254094421863556, 0.02531084604561329, 0.02437487617135048, 0.021726684644818306, 0.022023601457476616, 0.019784510135650635, 0.021016182377934456, 0.01930711232125759, 0.020276663824915886, 0.01896590180695057, 0.02799409255385399, 0.02393243834376335, 0.01849924586713314, 0.01914943754673004, 0.01887161284685135, 0.018622195348143578, 0.019141647964715958, 0.0185348279774189], "lr": 0.001, "normal_test_acc": [0.9787999987602234, 0.9843999743461609, 0.987500011920929, 0.9879999756813049, 0.9890000224113464, 0.9901999831199646, 0.9872999787330627, 0.9902999997138977, 0.989300012588501, 0.989799976348877, 0.9908000230789185, 0.9909999966621399, 0.9907000064849854, 0.9908999800682068, 0.9914000034332275, 0.991599977016449, 0.989799976348877, 0.989799976348877, 0.9904000163078308, 0.9911999702453613, 0.9919999837875366, 0.9915000200271606, 0.9914000034332275, 0.9912999868392944]}