{"train_acc": [0.9334331750869751, 0.9827665686607361, 0.9893677830696106, 0.9927146434783936, 0.9938610792160034, 0.9955806732177734, 0.9966161847114563, 0.9974297881126404, 0.9983543157577515, 0.9988905787467957, 0.9990015029907227, 0.9995192289352417, 0.9997966289520264, 0.9998520612716675, 0.9999445080757141, 1.0, 0.9999815225601196, 1.0, 0.9999445080757141, 0.9958950281143188, 0.9998151063919067], "val_acc": [0.9768680334091187, 0.9861873984336853, 0.9900149703025818, 0.9931768774986267, 0.9945082664489746, 0.9951739311218262, 0.9956731796264648, 0.9948410987854004, 0.9956731796264648, 0.9960060119628906, 0.9965052604675293, 0.9975037574768066, 0.997004508972168, 0.9976701736450195, 0.9981694221496582, 0.9976701736450195, 0.9968380928039551, 0.9976701736450195, 0.9966716766357422, 0.9966716766357422, 0.9973373413085938], "train_loss": [0.2551957666873932, 0.06313595175743103, 0.0406983345746994, 0.02958948351442814, 0.02299347147345543, 0.017723044380545616, 0.014022909104824066, 0.011360696516931057, 0.00865855347365141, 0.006242044270038605, 0.005669247359037399, 0.0038203243166208267, 0.002843192545697093, 0.002156447386369109, 0.0016507088439539075, 0.001076921820640564, 0.0008450337336398661, 0.0007871721172705293, 0.0007621474214829504, 0.012233545072376728, 0.0019391024252399802], "val_loss": [0.07764779031276703, 0.04576074704527855, 0.03532688319683075, 0.02789648436009884, 0.02333362214267254, 0.020477650687098503, 0.01646159403026104, 0.01858820579946041, 0.016635268926620483, 0.013060405850410461, 0.013874191790819168, 0.010838815942406654, 0.009922287426888943, 0.010221675969660282, 0.009645048528909683, 0.00858492124825716, 0.010552823543548584, 0.009003892540931702, 0.011731700971722603, 0.013575555756688118, 0.009676920250058174], "lr": 0.001, "normal_test_acc": [0.9797000288963318, 0.9865999817848206, 0.9884999990463257, 0.9904000163078308, 0.9908000230789185, 0.9912999868392944, 0.9914000034332275, 0.9900000095367432, 0.9915000200271606, 0.9916999936103821, 0.9922999739646912, 0.992900013923645, 0.9926999807357788, 0.9927999973297119, 0.9923999905586243, 0.9926999807357788, 0.9922999739646912, 0.9933000206947327, 0.9911999702453613, 0.9915000200271606, 0.9922000169754028]}