{"train_acc": [0.9312571287155151, 0.9814398288726807, 0.9874727725982666, 0.9910888671875, 0.9937456250190735, 0.9951108694076538, 0.9963101148605347, 0.9976938366889954, 0.9982842206954956, 0.9985055923461914, 0.9992989301681519, 0.9994096159934998, 0.9997417330741882, 0.9997601509094238, 0.9999446272850037, 0.9999815225601196, 1.0, 0.9999815225601196, 0.9970665574073792, 0.9997417330741882, 1.0, 1.0, 1.0, 1.0, 1.0, 1.0, 1.0], "val_acc": [0.9762576818466187, 0.9848912358283997, 0.9903702735900879, 0.9915324449539185, 0.9945210218429565, 0.9921965599060059, 0.9935248494148254, 0.9910343885421753, 0.9958492517471313, 0.995185136795044, 0.9960152506828308, 0.9956831932067871, 0.996181309223175, 0.9963473081588745, 0.9971774816513062, 0.9968454241752625, 0.9971774816513062, 0.996181309223175, 0.9935248494148254, 0.9971774816513062, 0.9970114827156067, 0.9971774816513062, 0.9968454241752625, 0.9971774816513062, 0.9971774816513062, 0.9971774816513062, 0.9968454241752625], "train_loss": [0.256477952003479, 0.06712867319583893, 0.04486594721674919, 0.03317885473370552, 0.0250287763774395, 0.01951020397245884, 0.015600155107676983, 0.011852717027068138, 0.009053266607224941, 0.007333641871809959, 0.005293351132422686, 0.004335806705057621, 0.0032932788599282503, 0.0025215130299329758, 0.001913383835926652, 0.0012593130813911557, 0.0008192717214114964, 0.0010805662022903562, 0.009322731755673885, 0.0021683007944375277, 0.0005876155919395387, 0.0003641282091848552, 0.0002933742944151163, 0.0002473000786267221, 0.00021520443260669708, 0.0001838521275203675, 0.0001590953761478886], "val_loss": [0.08496049791574478, 0.05209015682339668, 0.037825699895620346, 0.031066780909895897, 0.02620301954448223, 0.025975849479436874, 0.02052558958530426, 0.02469939924776554, 0.015841569751501083, 0.016832826659083366, 0.01514977216720581, 0.01499610859900713, 0.012676145881414413, 0.014826450496912003, 0.0114290164783597, 0.010870778933167458, 0.011783426627516747, 0.012632832862436771, 0.019367828965187073, 0.011521251872181892, 0.01081852801144123, 0.01066266093403101, 0.010823783464729786, 0.010963358916342258, 0.011198621243238449, 0.01092668529599905, 0.010921237990260124], "lr": 0.001, "normal_test_acc": [0.9768000245094299, 0.9865000247955322, 0.9883999824523926, 0.9891999959945679, 0.9889000058174133, 0.991100013256073, 0.9905999898910522, 0.9904999732971191, 0.9919999837875366, 0.9911999702453613, 0.9914000034332275, 0.9914000034332275, 0.9921000003814697, 0.9908999800682068, 0.991599977016449, 0.9918000102043152, 0.9922999739646912, 0.9911999702453613, 0.9897000193595886, 0.9916999936103821, 0.9919999837875366, 0.9925000071525574, 0.9921000003814697, 0.9921000003814697, 0.9919000267982483, 0.9922000169754028, 0.9922999739646912], "adv_test_acc": [0.7039999961853027, 0.7279999852180481, 0.7839999794960022, 0.8119999766349792, 0.828000009059906, 0.8519999980926514, 0.8399999737739563, 0.8159999847412109, 0.8799999952316284, 0.8799999952316284, 0.8920000195503235, 0.9039999842643738, 0.8920000195503235, 0.9160000085830688, 0.8920000195503235, 0.8960000276565552, 0.9120000004768372, 0.9039999842643738, 0.8320000171661377, 0.8880000114440918, 0.8999999761581421, 0.8999999761581421, 0.9039999842643738, 0.9039999842643738, 0.9079999923706055, 0.9079999923706055, 0.9160000085830688]}