{"train_acc": [0.9169831275939941, 0.9726040959358215, 0.9844281077384949, 0.9899835586547852, 0.9929022789001465, 0.9946601390838623, 0.996832549571991, 0.9975953698158264, 0.9977114796638489, 0.9988557696342468, 0.9994693398475647, 0.9995356798171997, 0.99973464012146, 0.9999668598175049, 1.0, 0.9999668598175049, 0.9997180700302124, 0.9971310496330261], "val_acc": [0.9592598080635071, 0.9767199158668518, 0.9855245351791382, 0.9877630472183228, 0.9885091781616211, 0.9902999401092529, 0.9932845830917358, 0.9932845830917358, 0.9937322735786438, 0.9952245950698853, 0.9950753450393677, 0.9950753450393677, 0.9953738451004028, 0.9943292140960693, 0.9952245950698853, 0.9958215355873108, 0.9922399520874023, 0.9947769045829773], "train_loss": [0.29458335041999817, 0.09244832396507263, 0.0560423843562603, 0.03817462548613548, 0.02794775739312172, 0.02161654271185398, 0.01542612724006176, 0.012353991158306599, 0.010659424588084221, 0.007170518394559622, 0.005246532615274191, 0.004198719281703234, 0.003165540983900428, 0.0021018751431256533, 0.0014356838073581457, 0.0013873385032638907, 0.0020739934407174587, 0.009254000149667263], "val_loss": [0.1357141137123108, 0.07635580748319626, 0.05284690484404564, 0.04050798341631889, 0.03717661648988724, 0.030357632786035538, 0.026090390980243683, 0.02496521733701229, 0.021169517189264297, 0.021101348102092743, 0.02025582082569599, 0.019353626295924187, 0.017062680795788765, 0.017882701009511948, 0.017301566898822784, 0.01895919069647789, 0.02556832693517208, 0.020317981019616127], "lr": 0.001, "normal_test_acc": [0.9785000085830688, 0.9868999719619751, 0.989300012588501, 0.9902999997138977, 0.9901000261306763, 0.9909999966621399, 0.9916999936103821, 0.9925000071525574, 0.9916999936103821, 0.9914000034332275, 0.991100013256073, 0.9926000237464905, 0.9926000237464905, 0.9922000169754028, 0.9927999973297119, 0.9922000169754028, 0.9908999800682068, 0.9905999898910522]}