{"train_acc": [0.9279428720474243, 0.977188766002655, 0.9847389459609985, 0.9894332885742188, 0.9925925731658936, 0.9953056573867798, 0.9964658617973328, 0.9975546598434448, 0.9984114170074463, 0.9988219738006592, 0.9992681741714478, 0.999660849571228, 0.9995359182357788, 0.9998571872711182, 0.9999285936355591, 0.999518096446991, 0.9984471201896667, 0.9999285936355591, 0.9999821782112122, 1.0, 1.0, 1.0, 1.0, 1.0], "val_acc": [0.9675502181053162, 0.9775100350379944, 0.9821686744689941, 0.9873092174530029, 0.9898794889450073, 0.9890763163566589, 0.9922891855239868, 0.9916465878486633, 0.9916465878486633, 0.9914859533309937, 0.9922891855239868, 0.9938955903053284, 0.993574321269989, 0.993574321269989, 0.9929317235946655, 0.9922891855239868, 0.9942168593406677, 0.9942168593406677, 0.9945381283760071, 0.9938955903053284, 0.9943774938583374, 0.9938955903053284, 0.9938955903053284, 0.9942168593406677], "train_loss": [0.26360777020454407, 0.07855214923620224, 0.052291836589574814, 0.037940651178359985, 0.02802835963666439, 0.021092070266604424, 0.016597284004092216, 0.012816542759537697, 0.009757609106600285, 0.00818471610546112, 0.006088531110435724, 0.004308374132961035, 0.00418775575235486, 0.002987881889566779, 0.0018728337017819285, 0.0031469434034079313, 0.0063117449171841145, 0.0013376378919929266, 0.0006902776658535004, 0.0004842412890866399, 0.0003783793654292822, 0.00034299067920073867, 0.00028466281946748495, 0.0002357011690037325], "val_loss": [0.10914776474237442, 0.07346033304929733, 0.060157667845487595, 0.044961556792259216, 0.03784511983394623, 0.036223702132701874, 0.031684938818216324, 0.029927227646112442, 0.028171798214316368, 0.02794909104704857, 0.02462426945567131, 0.02342010848224163, 0.023746851831674576, 0.02227887324988842, 0.023194393143057823, 0.032883524894714355, 0.02392256073653698, 0.021905113011598587, 0.021464284509420395, 0.021748695522546768, 0.02200945094227791, 0.021535983309149742, 0.021597865968942642, 0.022163085639476776], "lr": 0.001, "normal_test_acc": [0.9800000190734863, 0.9850999712944031, 0.9871000051498413, 0.9889000058174133, 0.9890000224113464, 0.9872999787330627, 0.9904000163078308, 0.9904999732971191, 0.9904000163078308, 0.9911999702453613, 0.9923999905586243, 0.991100013256073, 0.9900000095367432, 0.9909999966621399, 0.9918000102043152, 0.9890000224113464, 0.9914000034332275, 0.991100013256073, 0.9914000034332275, 0.9915000200271606, 0.9916999936103821, 0.9915000200271606, 0.9916999936103821, 0.9916999936103821], "adv_test_acc": [0.8163999915122986, 0.8592000007629395, 0.901199996471405, 0.9315999746322632, 0.9452000260353088, 0.9467999935150146, 0.9603999853134155, 0.9575999975204468, 0.9624000191688538, 0.9667999744415283, 0.9643999934196472, 0.9675999879837036, 0.9652000069618225, 0.9684000015258789, 0.9696000218391418, 0.9527999758720398, 0.9679999947547913, 0.9711999893188477, 0.9735999703407288, 0.9747999906539917, 0.9732000231742859, 0.9747999906539917, 0.974399983882904, 0.9728000164031982]}