{
  "victim_model_size_params": 564484,
  "victim_model_size_mb": 2.1533355712890625,
  "victim_watermark_acc": 0.5714285969734192
}