{"train_acc": [0.10722222179174423, 0.19166666269302368, 0.3633333444595337, 0.4677777886390686, 0.5294444561004639, 0.5797222256660461, 0.6322222352027893, 0.6766666769981384, 0.7127777934074402, 0.7322221994400024, 0.7672222256660461, 0.7655555605888367, 0.7986111044883728, 0.7902777791023254, 0.8038889169692993, 0.820555567741394, 0.8241666555404663, 0.8383333086967468, 0.8377777934074402, 0.8550000190734863, 0.8475000262260437, 0.8663889169692993, 0.8686110973358154, 0.8627777695655823, 0.8577777743339539], "val_acc": [0.002222222276031971, 0.20000000298023224, 0.3422222137451172, 0.38999998569488525, 0.42222222685813904, 0.5600000023841858, 0.597777783870697, 0.5755555629730225, 0.6399999856948853, 0.6200000047683716, 0.6933333277702332, 0.648888885974884, 0.43888887763023376, 0.6499999761581421, 0.476666659116745, 0.4788888990879059, 0.6200000047683716, 0.5911111235618591, 0.5199999809265137, 0.4422222077846527, 0.47333332896232605, 0.6399999856948853, 0.7333333492279053, 0.8022222518920898, 0.8233333230018616], "train_loss": [5.931203365325928, 4.424335956573486, 2.349334478378296, 1.5800840854644775, 1.3283756971359253, 1.1843767166137695, 1.0391901731491089, 0.9433351159095764, 0.8412988781929016, 0.7931839823722839, 0.6811574697494507, 0.6794024705886841, 0.5842828750610352, 0.6013782024383545, 0.5923721194267273, 0.5395534038543701, 0.5396223664283752, 0.4822247326374054, 0.4819759726524353, 0.4420411288738251, 0.4600794017314911, 0.4033372700214386, 0.4002338647842407, 0.3982510566711426, 0.40577974915504456], "val_loss": [7.6762919425964355, 3.9557440280914307, 2.744399070739746, 2.2988080978393555, 2.167276382446289, 1.462549090385437, 1.2609357833862305, 1.373112678527832, 1.1348748207092285, 1.316515326499939, 1.2858972549438477, 1.259867787361145, 3.630948066711426, 1.6268675327301025, 3.447697639465332, 3.4508793354034424, 1.82500422000885, 2.3589937686920166, 3.448073625564575, 3.913210153579712, 4.037964820861816, 1.963865041732788, 1.1489553451538086, 0.802233099937439, 0.6571148633956909], "lr": [0.0, 0.0010000000474974513, 0.0020000000949949026, 0.003000000026077032, 0.004000000189989805, 0.004999999888241291, 0.006000000052154064, 0.007000000216066837, 0.00800000037997961, 0.008999999612569809, 0.009999999776482582, 0.010999999940395355, 0.012000000104308128, 0.013000000268220901, 0.014000000432133675, 0.014999999664723873, 0.01600000075995922, 0.017000000923871994, 0.017999999225139618, 0.01899999938905239, 0.019999999552965164, 7.629394360719743e-08, 3.814697180359872e-08, 1.907348590179936e-08, 9.53674295089968e-09], "normal_test_acc": [0.7749999761581421, 0.2985999882221222, 0.20010000467300415, 0.23090000450611115, 0.29499998688697815, 0.26660001277923584, 0.23680000007152557, 0.2240000069141388, 0.2736000120639801, 0.23420000076293945, 0.25999999046325684, 0.19020000100135803, 0.25119999051094055, 0.10570000112056732, 0.1907999962568283, 0.25920000672340393, 0.14069999754428864, 0.16419999301433563, 0.15850000083446503, 0.16410000622272491, 0.18129999935626984, 0.1606999933719635, 0.15080000460147858, 0.14329999685287476, 0.1387999951839447]}