{"train_acc": [0.0, 0.061349693685770035, 0.47239264845848083, 0.7423312664031982, 0.8466257452964783, 0.8773006200790405, 0.9509202241897583, 0.9693251252174377, 0.9815950989723206, 1.0, 0.9938650131225586, 1.0, 1.0, 1.0, 1.0, 1.0, 1.0, 1.0, 1.0, 1.0, 1.0, 1.0, 1.0, 1.0, 1.0], "val_acc": [0.0, 0.46341463923454285, 0.6585366129875183, 0.6341463327407837, 0.7317073345184326, 0.7804877758026123, 0.7804877758026123, 0.7317073345184326, 0.6585366129875183, 0.6829268336296082, 0.707317054271698, 0.7560975551605225, 0.707317054271698, 0.7317073345184326, 0.6341463327407837, 0.6341463327407837, 0.6585366129875183, 0.707317054271698, 0.6829268336296082, 0.707317054271698, 0.6829268336296082, 0.6829268336296082, 0.6829268336296082, 0.6829268336296082, 0.6829268336296082], "train_loss": [1.8582005500793457, 1.776625156402588, 1.0925328731536865, 0.5985237956047058, 0.40208613872528076, 0.26526427268981934, 0.18366847932338715, 0.1340506672859192, 0.0924433022737503, 0.07439888268709183, 0.05775201693177223, 0.040366798639297485, 0.03600297123193741, 0.016546916216611862, 0.01294409018009901, 0.013900664635002613, 0.011285999789834023, 0.007446190342307091, 0.005398462992161512, 0.004568092059344053, 0.0041721779853105545, 0.0033949788194149733, 0.0033949848730117083, 0.003394987666979432, 0.003394988365471363], "val_loss": [1.8730671405792236, 1.0838954448699951, 0.7105580568313599, 0.9854519367218018, 0.9010759592056274, 0.6121424436569214, 0.6277703046798706, 0.7152248024940491, 0.9312780499458313, 1.044351577758789, 0.8791072964668274, 0.7871580123901367, 0.7791094183921814, 0.8856573104858398, 0.9903404712677002, 1.012929916381836, 0.9682232737541199, 0.8855360150337219, 0.8382838368415833, 0.833882749080658, 0.8605069518089294, 0.8605069518089294, 0.8605069518089294, 0.8605069518089294, 0.8605069518089294], "lr": [0.0, 0.0010000000474974513, 0.0020000000949949026, 0.003000000026077032, 0.004000000189989805, 0.004999999888241291, 0.006000000052154064, 0.007000000216066837, 0.00800000037997961, 0.008999999612569809, 0.009999999776482582, 0.010999999940395355, 0.012000000104308128, 0.013000000268220901, 0.014000000432133675, 0.014999999664723873, 0.01600000075995922, 0.017000000923871994, 0.017999999225139618, 0.01899999938905239, 0.019999999552965164, 7.629394360719743e-08, 3.814697180359872e-08, 1.907348590179936e-08, 9.53674295089968e-09], "normal_test_acc": [0.9908999800682068, 0.991599977016449, 0.9898999929428101, 0.9847000241279602, 0.9785000085830688, 0.9657999873161316, 0.9524999856948853, 0.9452000260353088, 0.9386000037193298, 0.9265999794006348, 0.906499981880188, 0.8932999968528748, 0.8892999887466431, 0.8891000151634216, 0.8845000267028809, 0.8804000020027161, 0.8784000277519226, 0.8806999921798706, 0.8798999786376953, 0.8762999773025513, 0.873199999332428, 0.873199999332428, 0.873199999332428, 0.873199999332428, 0.873199999332428]}