{"train_acc": [0.0, 0.3810679614543915, 0.6262136101722717, 0.7275485396385193, 0.824635922908783, 0.8865291476249695, 0.9290048480033875, 0.9532766938209534, 0.9751213788986206, 0.9884708523750305, 0.9927184581756592, 0.9993932247161865, 1.0, 1.0, 1.0, 1.0, 1.0, 1.0, 1.0, 1.0, 1.0, 1.0, 1.0, 1.0, 1.0], "val_acc": [0.0, 0.5762711763381958, 0.665859580039978, 0.7384988069534302, 0.7917675375938416, 0.8280871510505676, 0.8595641851425171, 0.8813559412956238, 0.9128329157829285, 0.9031476974487305, 0.9128329157829285, 0.9273607730865479, 0.9249394536018372, 0.9249394536018372, 0.9322034120559692, 0.9346246719360352, 0.9418886303901672, 0.9394673109054565, 0.9346246719360352, 0.9370459914207458, 0.9443099498748779, 0.9443099498748779, 0.9443099498748779, 0.9443099498748779, 0.9443099498748779], "train_loss": [3.7856624126434326, 2.5439279079437256, 1.0819026231765747, 0.7271905541419983, 0.5012961030006409, 0.3373821973800659, 0.2363588660955429, 0.17721661925315857, 0.1252487450838089, 0.0899345651268959, 0.06788165867328644, 0.04377217963337898, 0.03132997080683708, 0.021774718537926674, 0.016653528437018394, 0.014388268813490868, 0.011711645871400833, 0.00942669901996851, 0.007916419766843319, 0.006860056426376104, 0.006032783538103104, 0.005362457595765591, 0.0053624557331204414, 0.005362455267459154, 0.005362455267459154], "val_loss": [3.564746379852295, 1.6346769332885742, 0.9361541271209717, 0.7066832184791565, 0.5534213781356812, 0.43950584530830383, 0.40492311120033264, 0.325303852558136, 0.2729438841342926, 0.27365946769714355, 0.2329811304807663, 0.21042726933956146, 0.20204348862171173, 0.1933562010526657, 0.18245016038417816, 0.1825416088104248, 0.1746063530445099, 0.16717611253261566, 0.17022623121738434, 0.16330598294734955, 0.1536368578672409, 0.1536368727684021, 0.15363691747188568, 0.15363691747188568, 0.15363691747188568], "lr": [0.0, 0.0010000000474974513, 0.0020000000949949026, 0.003000000026077032, 0.004000000189989805, 0.004999999888241291, 0.006000000052154064, 0.007000000216066837, 0.00800000037997961, 0.008999999612569809, 0.009999999776482582, 0.010999999940395355, 0.012000000104308128, 0.013000000268220901, 0.014000000432133675, 0.014999999664723873, 0.01600000075995922, 0.017000000923871994, 0.017999999225139618, 0.01899999938905239, 0.019999999552965164, 7.629394360719743e-08, 3.814697180359872e-08, 1.907348590179936e-08, 9.53674295089968e-09], "normal_test_acc": [0.9908999800682068, 0.9753999710083008, 0.9785000085830688, 0.9789000153541565, 0.9846000075340271, 0.9871000051498413, 0.9869999885559082, 0.988099992275238, 0.9886999726295471, 0.9889000058174133, 0.9897000193595886, 0.9904000163078308, 0.9902999997138977, 0.9904999732971191, 0.9898999929428101, 0.9908000230789185, 0.9905999898910522, 0.9907000064849854, 0.9909999966621399, 0.9908999800682068, 0.9904000163078308, 0.9904000163078308, 0.9904000163078308, 0.9904000163078308, 0.9904000163078308]}