{"train_acc": [0.0, 0.3002777695655823, 0.5411111116409302, 0.7005555629730225, 0.8113889098167419, 0.8741666674613953, 0.9247221946716309, 0.9491666555404663, 0.9711111187934875, 0.9813888669013977, 0.9836111068725586, 0.996666669845581, 0.9997222423553467, 1.0, 1.0, 1.0, 1.0, 1.0, 1.0, 1.0, 1.0, 1.0, 1.0, 1.0, 1.0], "val_acc": [0.0, 0.4055555462837219, 0.6566666960716248, 0.7622222304344177, 0.852222204208374, 0.8766666650772095, 0.9233333468437195, 0.9377777576446533, 0.9511111378669739, 0.9544444680213928, 0.9666666388511658, 0.9733333587646484, 0.9711111187934875, 0.9766666889190674, 0.9755555391311646, 0.9766666889190674, 0.9788888692855835, 0.9788888692855835, 0.9788888692855835, 0.9800000190734863, 0.9822221994400024, 0.9822221994400024, 0.9822221994400024, 0.9822221994400024, 0.9822221994400024], "train_loss": [6.912694931030273, 3.8427181243896484, 1.3085285425186157, 0.8305093050003052, 0.5730195641517639, 0.40535837411880493, 0.2722330689430237, 0.19384297728538513, 0.1337558627128601, 0.09343267977237701, 0.08616780489683151, 0.041228532791137695, 0.025378599762916565, 0.01677950844168663, 0.01079667080193758, 0.008754671551287174, 0.006638534367084503, 0.005445728078484535, 0.004494660068303347, 0.003912779036909342, 0.0034229133743792772, 0.0029197977855801582, 0.002919807331636548, 0.0029197996482253075, 0.0029198084957897663], "val_loss": [6.897805213928223, 1.879621982574463, 0.9864792823791504, 0.71065753698349, 0.5008223652839661, 0.3924207091331482, 0.26735904812812805, 0.2154979258775711, 0.17819127440452576, 0.14918024837970734, 0.12070181220769882, 0.089333176612854, 0.08055535703897476, 0.07451524585485458, 0.06776995956897736, 0.06719838827848434, 0.0645693764090538, 0.06127268821001053, 0.06254606693983078, 0.060603320598602295, 0.058674007654190063, 0.058674003928899765, 0.058674003928899765, 0.05867400020360947, 0.05867400020360947], "lr": [0.0, 0.0010000000474974513, 0.0020000000949949026, 0.003000000026077032, 0.004000000189989805, 0.004999999888241291, 0.006000000052154064, 0.007000000216066837, 0.00800000037997961, 0.008999999612569809, 0.009999999776482582, 0.010999999940395355, 0.012000000104308128, 0.013000000268220901, 0.014000000432133675, 0.014999999664723873, 0.01600000075995922, 0.017000000923871994, 0.017999999225139618, 0.01899999938905239, 0.019999999552965164, 7.629394360719743e-08, 3.814697180359872e-08, 1.907348590179936e-08, 9.53674295089968e-09], "normal_test_acc": [0.9908999800682068, 0.9642999768257141, 0.9501000046730042, 0.9570000171661377, 0.9574000239372253, 0.9527000188827515, 0.954200029373169, 0.9620000123977661, 0.9524000287055969, 0.953499972820282, 0.9574999809265137, 0.953000009059906, 0.9534000158309937, 0.9563000202178955, 0.9564999938011169, 0.9532999992370605, 0.9541000127792358, 0.955299973487854, 0.9531999826431274, 0.9549999833106995, 0.953499972820282, 0.953499972820282, 0.953499972820282, 0.953499972820282, 0.953499972820282]}